payment_id,order_id,amount,method,status,reference,created_at
1,1,0.0,WALLET,FAILED,PAY20260407-Y4LM8JNZ,2025-08-21 18:34:10
2,2,1574.21,UPI,SUCCESS,PAY20260407-1RT8ONFZ,2025-11-04 02:21:03
3,3,4302.85,UPI,SUCCESS,PAY20260407-R93QS3KB,2024-08-02 09:51:34
4,4,3339.47,WALLET,PENDING,PAY20260407-NED7CWQS,2025-02-02 04:17:47
5,5,1571.85,NETBANKING,SUCCESS,PAY20260407-NVWIU7J3,2024-05-20 07:04:52
6,6,1574.21,WALLET,SUCCESS,PAY20260407-D6GNVRRS,2025-01-26 06:02:01
7,7,9655.17,UPI,SUCCESS,PAY20260407-1OFV2ZY3,2025-01-31 23:34:46
8,8,3009.2,UPI,SUCCESS,PAY20260407-ZTWW2TMO,2024-10-09 05:04:25
9,9,3934.88,NETBANKING,SUCCESS,PAY20260407-WBDS6YXW,2025-12-07 17:38:32
10,10,2203.16,WALLET,SUCCESS,PAY20260407-KEGN0KZY,2025-10-14 14:17:01
11,11,2407.07,UPI,SUCCESS,PAY20260407-TAIJ1ZVZ,2025-10-13 06:03:17
12,12,2201.85,WALLET,SUCCESS,PAY20260407-LPG8JG6F,2024-06-14 17:28:06
13,13,3376.17,UPI,SUCCESS,PAY20260407-UBBXADQ3,2024-01-31 06:03:48
14,14,0.0,UPI,FAILED,PAY20260407-AC7KF7L2,2025-07-17 22:22:19
15,15,733.95,NETBANKING,SUCCESS,PAY20260407-FWSUBG2O,2025-01-02 20:36:01
16,16,2098.95,WALLET,SUCCESS,PAY20260407-U2M1CPDK,2024-02-24 04:24:36
17,17,0.0,WALLET,FAILED,PAY20260407-PVQERGRL,2024-09-08 11:05:40
18,18,1180.46,UPI,SUCCESS,PAY20260407-21J2SGWC,2025-05-24 06:12:04
19,19,2517.9,WALLET,SUCCESS,PAY20260407-5D0ZJ9C9,2024-03-15 22:36:17
20,20,1833.82,CARD,SUCCESS,PAY20260407-0RQG1HR7,2024-06-30 08:05:51
21,21,5981.01,UPI,PENDING,PAY20260407-1SQ7A9D9,2024-02-13 04:14:57
22,22,1573.95,UPI,SUCCESS,PAY20260407-SKJ4GDCQ,2024-06-27 18:49:48
23,23,733.95,CARD,SUCCESS,PAY20260407-N9FZ0NW6,2025-04-02 18:36:32
24,24,2895.58,CARD,SUCCESS,PAY20260407-L6VOXB9I,2025-10-22 07:33:06
25,25,314.21,CARD,SUCCESS,PAY20260407-KIN0X2FE,2025-08-12 00:58:47
26,26,2935.8,CARD,SUCCESS,PAY20260407-06RB7GWF,2024-01-14 01:51:28
27,27,2754.41,NETBANKING,SUCCESS,PAY20260407-ES8QML0F,2024-02-27 19:52:38
28,28,3743.14,CARD,SUCCESS,PAY20260407-RBIG4NFK,2025-05-03 07:18:46
29,29,3934.88,WALLET,SUCCESS,PAY20260407-ASK52ET7,2024-01-19 21:36:00
30,30,4154.54,NETBANKING,PENDING,PAY20260407-MX7WT6HK,2025-10-26 21:34:30
31,31,0.0,WALLET,FAILED,PAY20260407-GQ6MESJA,2024-09-14 06:03:13
32,32,1152.11,UPI,SUCCESS,PAY20260407-ZR5SA3AX,2024-12-04 04:02:56
33,33,7871.06,NETBANKING,SUCCESS,PAY20260407-UZE3QDYE,2024-01-25 23:01:37
34,34,1636.64,WALLET,PENDING,PAY20260407-TY9YI1EY,2024-08-20 17:52:02
35,35,1651.91,NETBANKING,SUCCESS,PAY20260407-QAFYK8YL,2024-03-26 09:01:04
36,36,3620.08,UPI,SUCCESS,PAY20260407-D0WE93O3,2025-04-30 19:28:17
37,37,2385.34,WALLET,SUCCESS,PAY20260407-DQWQVYH7,2024-11-07 20:59:27
38,38,314.21,UPI,SUCCESS,PAY20260407-IPWUJ2UY,2025-12-12 23:02:10
39,39,5194.04,CARD,SUCCESS,PAY20260407-RDGVOA0J,2024-07-15 09:24:23
40,40,5413.49,CARD,SUCCESS,PAY20260407-6H646JZ5,2024-09-23 20:02:46
41,41,2422.04,UPI,SUCCESS,PAY20260407-MPXTJQIQ,2025-11-13 21:11:15
42,42,2833.11,NETBANKING,SUCCESS,PAY20260407-TE40JVQL,2025-10-23 02:24:42
43,43,0.0,WALLET,FAILED,PAY20260407-JN9HZHFR,2025-12-11 19:25:14
44,44,954.14,NETBANKING,SUCCESS,PAY20260407-7CW5WTVY,2025-11-10 22:33:29
45,45,4800.55,UPI,SUCCESS,PAY20260407-WOYIQP9E,2024-10-31 22:26:46
46,46,4058.98,CARD,SUCCESS,PAY20260407-5USEEA76,2024-08-18 06:51:35
47,47,6767.99,UPI,SUCCESS,PAY20260407-ADM8J7LT,2025-10-23 02:41:07
48,48,733.95,CARD,SUCCESS,PAY20260407-QTDFB5FG,2024-07-26 04:50:56
49,49,0.0,CARD,FAILED,PAY20260407-9ALJXRDL,2025-06-07 01:37:53
50,50,0.0,CARD,FAILED,PAY20260407-M4C93RBG,2024-02-03 17:20:00
51,51,733.95,UPI,SUCCESS,PAY20260407-FAL76QUA,2024-02-28 18:04:55
52,52,1284.41,NETBANKING,SUCCESS,PAY20260407-XM1BK3BT,2025-09-29 04:02:40
53,53,2360.93,UPI,SUCCESS,PAY20260407-57SJ2UW6,2025-06-01 05:39:17
54,54,2055.06,NETBANKING,SUCCESS,PAY20260407-IJKG0OSM,2025-12-10 06:59:45
55,55,4721.85,NETBANKING,SUCCESS,PAY20260407-AR3X3LM7,2024-12-17 06:57:22
56,56,7554.96,WALLET,SUCCESS,PAY20260407-8ASM8LDG,2024-08-14 11:10:58
57,57,4197.9,NETBANKING,SUCCESS,PAY20260407-ZZ7Y2R6P,2024-09-14 21:57:52
58,58,3525.06,CARD,SUCCESS,PAY20260407-U3STHNMC,2024-02-10 07:33:14
59,59,2203.16,CARD,PENDING,PAY20260407-SULSHLX6,2024-12-02 07:46:21
60,60,7871.06,WALLET,SUCCESS,PAY20260407-DIR6LOU2,2024-06-24 05:37:43
61,61,2605.52,CARD,SUCCESS,PAY20260407-CWPKINOM,2025-02-09 16:46:12
62,62,0.0,UPI,FAILED,PAY20260407-IDB5PR94,2024-10-10 11:03:06
63,63,1573.95,UPI,SUCCESS,PAY20260407-6AJHQ2MB,2024-07-15 07:21:22
64,64,6767.99,UPI,SUCCESS,PAY20260407-NK7F42F7,2024-12-19 11:49:09
65,65,523.95,CARD,SUCCESS,PAY20260407-ERATR0IE,2025-07-30 22:18:45
66,66,10074.96,WALLET,SUCCESS,PAY20260407-OYK17NG8,2025-11-09 16:13:25
67,67,1180.46,UPI,SUCCESS,PAY20260407-GJIV3RTL,2024-02-05 23:52:11
68,68,0.0,WALLET,FAILED,PAY20260407-FW2CB4LJ,2025-12-20 01:12:58
69,69,0.0,CARD,FAILED,PAY20260407-TEX8ZB7S,2025-12-11 16:02:57
70,70,4217.48,NETBANKING,SUCCESS,PAY20260407-S901HXC7,2025-11-13 07:01:48
71,71,2422.04,UPI,SUCCESS,PAY20260407-O64PW60B,2024-12-21 12:04:04
72,72,2098.95,NETBANKING,SUCCESS,PAY20260407-U9QN39Y4,2025-06-29 02:32:33
73,73,418.95,NETBANKING,SUCCESS,PAY20260407-OAMEXJO7,2024-06-20 12:43:07
74,74,1574.21,UPI,SUCCESS,PAY20260407-WGFNPBFK,2024-06-09 18:31:57
75,75,3147.9,CARD,SUCCESS,PAY20260407-VIF66QR4,2024-09-20 10:35:21
76,76,0.0,WALLET,FAILED,PAY20260407-4MAUBX06,2025-01-25 10:30:00
77,77,6846.68,UPI,SUCCESS,PAY20260407-455AO7Q2,2024-02-12 02:09:31
78,78,1258.95,WALLET,SUCCESS,PAY20260407-ZDYGPJOC,2024-08-14 04:40:19
79,79,3620.08,WALLET,SUCCESS,PAY20260407-CES39MJR,2024-02-01 10:58:25
80,80,1284.41,NETBANKING,SUCCESS,PAY20260407-7KQE8B4D,2024-01-16 16:37:36
81,81,2238.55,NETBANKING,SUCCESS,PAY20260407-R64G8Z0Q,2024-12-27 06:11:34
82,82,1284.41,CARD,SUCCESS,PAY20260407-B5K1V4LL,2024-09-02 16:12:38
83,83,544.64,CARD,SUCCESS,PAY20260407-O8QHQLEL,2025-03-24 03:06:13
84,84,2238.55,WALLET,SUCCESS,PAY20260407-WR16EVQQ,2024-04-20 12:27:14
85,85,3902.74,NETBANKING,SUCCESS,PAY20260407-U3Q6N9SJ,2024-11-30 02:11:43
86,86,3673.16,NETBANKING,PENDING,PAY20260407-05F5RN7O,2025-03-29 21:28:04
87,87,7240.17,NETBANKING,SUCCESS,PAY20260407-VEQ1GET7,2024-12-23 23:46:26
88,88,3963.33,UPI,PENDING,PAY20260407-GZ6ASH7O,2025-12-31 14:28:08
89,89,0.0,WALLET,FAILED,PAY20260407-Y6E5I60C,2024-04-26 06:41:55
90,90,954.14,UPI,SUCCESS,PAY20260407-BPGT5YXK,2024-04-03 20:40:09
91,91,0.0,NETBANKING,FAILED,PAY20260407-SSLCXJJN,2024-08-14 01:44:44
92,92,3525.06,CARD,SUCCESS,PAY20260407-8CB861H1,2024-01-12 01:16:09
93,93,4721.85,UPI,SUCCESS,PAY20260407-YDCT98N1,2025-12-17 13:07:48
94,94,0.0,UPI,FAILED,PAY20260407-LNKEUPNQ,2025-03-13 16:08:01
95,95,418.95,UPI,SUCCESS,PAY20260407-LCM5W37T,2024-07-26 10:04:46
96,96,2305.38,WALLET,SUCCESS,PAY20260407-NKHOYHEI,2025-12-14 11:12:01
97,97,550.46,WALLET,SUCCESS,PAY20260407-DZIYI41C,2024-05-11 03:14:09
98,98,3539.81,NETBANKING,SUCCESS,PAY20260407-JEP9AAUV,2025-06-02 03:05:04
99,99,5098.75,WALLET,SUCCESS,PAY20260407-0ZLB0QKO,2024-10-21 15:21:55
100,100,1180.46,UPI,SUCCESS,PAY20260407-PE5ACLR1,2024-06-05 20:25:00
101,101,2098.95,UPI,SUCCESS,PAY20260407-KTTIF5PY,2024-03-25 04:11:16
102,102,3376.17,CARD,SUCCESS,PAY20260407-9BMH4MGH,2024-01-07 00:17:43
103,103,0.0,UPI,FAILED,PAY20260407-S9E6UXM0,2024-02-01 16:04:33
104,104,4407.06,CARD,SUCCESS,PAY20260407-S07ZMLAC,2024-05-22 07:11:38
105,105,4013.57,NETBANKING,SUCCESS,PAY20260407-06Z0LNOS,2024-10-21 03:40:55
106,106,4013.57,UPI,SUCCESS,PAY20260407-4HFDHQFB,2024-05-04 07:45:55
107,107,4800.55,WALLET,SUCCESS,PAY20260407-R57WOFME,2024-06-26 06:12:17
108,108,9130.43,UPI,SUCCESS,PAY20260407-7G2N3701,2024-03-14 11:04:47
109,109,0.0,CARD,FAILED,PAY20260407-PFWD9FOS,2025-02-23 01:12:06
110,110,4328.36,WALLET,SUCCESS,PAY20260407-Z6WUYOIM,2025-06-03 01:27:45
111,111,1573.95,CARD,SUCCESS,PAY20260407-DHZW3GMW,2025-07-14 01:10:59
112,112,418.95,CARD,SUCCESS,PAY20260407-6ZAJCU18,2024-04-07 01:56:12
113,113,2241.38,UPI,SUCCESS,PAY20260407-W2HITQKH,2024-10-23 23:31:18
114,114,2972.5,WALLET,SUCCESS,PAY20260407-XNXAG02H,2024-07-23 11:36:22
115,115,1258.95,UPI,SUCCESS,PAY20260407-VDYKG6GU,2024-02-21 15:34:16
116,116,0.0,CARD,FAILED,PAY20260407-1FM37MY0,2025-04-08 06:33:26
117,117,2098.95,NETBANKING,SUCCESS,PAY20260407-TS9CEKQR,2025-09-07 01:32:41
118,118,0.0,NETBANKING,FAILED,PAY20260407-ZM58308F,2024-02-17 16:48:00
119,119,0.0,UPI,FAILED,PAY20260407-OVMRFGGY,2025-03-05 06:20:12
120,120,2238.55,CARD,SUCCESS,PAY20260407-4Y5JNHTG,2025-06-15 00:09:50
121,121,0.0,NETBANKING,FAILED,PAY20260407-7MKWD5M6,2024-03-20 22:25:17
122,122,0.0,WALLET,FAILED,PAY20260407-21GOUM2W,2024-06-19 17:40:34
123,123,2754.41,CARD,SUCCESS,PAY20260407-WXM2Q8F8,2025-10-04 13:06:02
124,124,2055.06,CARD,PENDING,PAY20260407-3D6J2LDR,2025-02-03 18:40:28
125,125,2095.8,WALLET,PENDING,PAY20260407-NH6DBXLH,2024-09-04 05:42:06
126,126,3398.22,CARD,SUCCESS,PAY20260407-EX0CJBEW,2025-02-07 19:11:02
127,127,5728.22,CARD,PENDING,PAY20260407-K9Z7QI7G,2024-09-25 13:46:58
128,128,3162.23,UPI,SUCCESS,PAY20260407-ZTVWFZ8U,2024-06-06 00:59:58
129,129,1573.95,WALLET,PENDING,PAY20260407-ICNZCSL2,2025-09-21 06:34:34
130,130,4721.06,UPI,SUCCESS,PAY20260407-XF9BYG6O,2025-09-11 19:17:06
131,131,1152.11,WALLET,SUCCESS,PAY20260407-5CZJ679D,2025-03-20 22:00:34
132,132,2754.41,UPI,SUCCESS,PAY20260407-OSL8UOXZ,2024-08-23 08:37:42
133,133,3192.68,UPI,PENDING,PAY20260407-1JA96GI4,2025-11-06 19:17:19
134,134,0.0,CARD,FAILED,PAY20260407-I9XXL6W7,2024-08-18 16:54:11
135,135,6168.86,WALLET,SUCCESS,PAY20260407-CDHSA2RU,2024-07-20 05:57:14
136,136,733.95,WALLET,SUCCESS,PAY20260407-OO97JQU5,2025-02-20 09:11:44
137,137,1180.46,WALLET,SUCCESS,PAY20260407-P8W6T8MD,2024-07-07 14:17:29
138,138,0.0,UPI,FAILED,PAY20260407-SHU3SXFN,2025-09-06 10:41:06
139,139,0.0,UPI,FAILED,PAY20260407-0PML5R03,2024-01-29 10:26:21
140,140,0.0,UPI,FAILED,PAY20260407-337374SV,2025-03-27 22:12:50
141,141,1100.92,CARD,SUCCESS,PAY20260407-ZQ1G6ILL,2025-10-14 12:36:01
142,142,733.95,NETBANKING,PENDING,PAY20260407-RUAKMOU9,2024-12-01 19:33:08
143,143,2098.95,UPI,SUCCESS,PAY20260407-BPVYCA50,2024-06-23 04:42:38
144,144,0.0,UPI,FAILED,PAY20260407-BTWHWBDF,2024-01-19 08:02:26
145,145,0.0,WALLET,FAILED,PAY20260407-PIMRG7T5,2024-05-15 01:29:29
146,146,1834.88,UPI,SUCCESS,PAY20260407-9Q0AQ761,2025-01-31 00:45:48
147,147,3147.9,UPI,SUCCESS,PAY20260407-416A8I39,2024-10-22 18:35:48
148,148,0.0,UPI,FAILED,PAY20260407-LOKEB6S8,2025-04-18 08:35:35
149,149,5413.49,UPI,SUCCESS,PAY20260407-FDDLLPGL,2025-04-13 19:46:02
150,150,0.0,CARD,FAILED,PAY20260407-1XF0SWRG,2024-12-04 11:59:49
151,151,1636.64,WALLET,SUCCESS,PAY20260407-FICIFEZA,2025-02-13 10:48:00
152,152,0.0,NETBANKING,FAILED,PAY20260407-AYDL2ZNS,2024-07-25 18:26:39
153,153,1258.95,UPI,SUCCESS,PAY20260407-0JXW574M,2025-08-07 01:51:56
154,154,2568.82,NETBANKING,SUCCESS,PAY20260407-C8GJBNB6,2025-03-21 07:01:41
155,155,954.14,CARD,SUCCESS,PAY20260407-ELFTXQNE,2025-02-11 22:29:29
156,156,3147.38,NETBANKING,SUCCESS,PAY20260407-9CGQDR68,2025-04-12 05:52:01
157,157,4328.36,CARD,SUCCESS,PAY20260407-WWP556KI,2025-06-10 08:19:35
158,158,418.95,WALLET,SUCCESS,PAY20260407-KWYS1JH9,2025-08-13 12:53:56
159,159,3541.39,UPI,SUCCESS,PAY20260407-M4BFFYYG,2025-03-31 19:44:37
160,160,733.95,NETBANKING,SUCCESS,PAY20260407-X7FRLJDM,2024-07-11 21:07:54
161,161,0.0,NETBANKING,FAILED,PAY20260407-GAGPS2IC,2024-09-03 20:25:13
162,162,1688.09,UPI,PENDING,PAY20260407-FLGQBXSU,2024-04-14 09:03:28
163,163,5194.04,WALLET,SUCCESS,PAY20260407-MV4FQ7U3,2025-04-26 23:21:09
164,164,392.96,WALLET,SUCCESS,PAY20260407-RL6TTZP5,2024-01-13 08:20:01
165,165,2203.16,WALLET,SUCCESS,PAY20260407-8F2DQIYF,2025-08-13 02:29:12
166,166,1284.41,NETBANKING,SUCCESS,PAY20260407-8X1FN3NG,2025-05-22 07:34:25
167,167,2252.98,WALLET,SUCCESS,PAY20260407-NVNAAV5U,2025-08-09 14:58:44
168,168,0.0,UPI,FAILED,PAY20260407-43ZHRTG5,2025-10-09 19:51:01
169,169,6374.5,NETBANKING,PENDING,PAY20260407-38SQ670W,2025-07-26 11:43:42
170,170,7240.17,NETBANKING,SUCCESS,PAY20260407-MU4VLTZ3,2024-04-07 07:56:11
171,171,5728.22,CARD,SUCCESS,PAY20260407-3SSTD3QC,2025-11-06 01:37:07
172,172,2517.9,CARD,SUCCESS,PAY20260407-EAFQW7TI,2024-12-22 10:31:03
173,173,3776.85,CARD,SUCCESS,PAY20260407-LF1NNLWM,2024-04-18 12:30:41
174,174,3525.06,WALLET,SUCCESS,PAY20260407-BB76EO6F,2025-10-21 02:41:01
175,175,4532.22,CARD,SUCCESS,PAY20260407-TI9EM82S,2025-08-05 13:41:46
176,176,5476.43,UPI,SUCCESS,PAY20260407-NXBK4HGM,2024-12-13 08:53:46
177,177,0.0,NETBANKING,FAILED,PAY20260407-6Z60AOJM,2024-04-17 03:29:08
178,178,2517.9,UPI,SUCCESS,PAY20260407-YFA86OB1,2024-02-26 06:49:34
179,179,523.95,NETBANKING,PENDING,PAY20260407-BO1AV6AR,2025-11-05 00:33:22
180,180,0.0,UPI,FAILED,PAY20260407-FQ9JUAGD,2024-11-21 10:26:18
181,181,1573.95,UPI,SUCCESS,PAY20260407-CE2Y0AMJ,2024-03-03 07:54:57
182,182,2789.01,WALLET,SUCCESS,PAY20260407-URH7KFHT,2024-01-04 12:32:19
183,183,7871.06,WALLET,PENDING,PAY20260407-RTTCJ4Z0,2024-02-23 06:45:45
184,184,2514.96,UPI,SUCCESS,PAY20260407-HV30FZ87,2024-03-30 04:30:29
185,185,1152.11,UPI,SUCCESS,PAY20260407-VEQYWWIM,2025-05-14 10:05:22
186,186,2046.14,UPI,SUCCESS,PAY20260407-WWSQS1F1,2024-05-29 00:44:12
187,187,1258.95,NETBANKING,SUCCESS,PAY20260407-8Z7CWRVB,2024-05-14 19:44:31
188,188,2018.36,WALLET,SUCCESS,PAY20260407-W7PKIEYQ,2024-02-20 04:51:57
189,189,4800.55,WALLET,SUCCESS,PAY20260407-5XZBXOBA,2024-08-15 18:50:57
190,190,628.42,UPI,PENDING,PAY20260407-K4L1M4FK,2024-07-02 13:34:35
191,191,418.95,CARD,SUCCESS,PAY20260407-JKDJPIC5,2025-09-22 12:35:06
192,192,6374.5,WALLET,SUCCESS,PAY20260407-RRQL517L,2025-07-31 06:07:56
193,193,2833.11,WALLET,SUCCESS,PAY20260407-FA7YQ4I9,2024-02-13 12:01:36
194,194,4784.01,CARD,PENDING,PAY20260407-W2MJGGAD,2024-05-26 02:38:22
195,195,1636.64,WALLET,SUCCESS,PAY20260407-FXBIW7JX,2024-10-07 08:45:27
196,196,2018.36,CARD,SUCCESS,PAY20260407-BBSIOEIT,2024-08-14 02:35:29
197,197,4721.06,WALLET,SUCCESS,PAY20260407-WESKOHPN,2024-06-12 01:49:03
198,198,0.0,UPI,FAILED,PAY20260407-RNHDG03D,2024-03-08 14:37:06
199,199,4328.36,NETBANKING,PENDING,PAY20260407-PBX3HH5A,2025-12-19 23:25:25
200,200,0.0,CARD,FAILED,PAY20260407-21YMGHFH,2025-04-14 19:21:28
201,201,2098.95,WALLET,SUCCESS,PAY20260407-VVTJUL1U,2024-11-24 09:33:22
202,202,2360.93,WALLET,SUCCESS,PAY20260407-GTDD3UPX,2024-05-10 16:58:49
203,203,7161.47,UPI,SUCCESS,PAY20260407-VAP1RGK1,2025-04-18 07:22:03
204,204,0.0,NETBANKING,FAILED,PAY20260407-2Y02EZKB,2024-01-17 03:27:56
205,205,0.0,WALLET,FAILED,PAY20260407-4837O7LN,2025-02-26 13:30:58
206,206,1258.95,NETBANKING,SUCCESS,PAY20260407-IWFIM5UZ,2025-04-08 15:34:39
207,207,2833.11,CARD,SUCCESS,PAY20260407-NMCS7GC4,2024-12-27 18:47:42
208,208,2458.73,NETBANKING,SUCCESS,PAY20260407-PROV879C,2024-09-13 17:55:54
209,209,3462.11,WALLET,SUCCESS,PAY20260407-6581IJIV,2024-09-11 12:19:02
210,210,1284.41,CARD,SUCCESS,PAY20260407-JTG2JH2M,2025-09-30 15:31:35
211,211,2018.36,WALLET,PENDING,PAY20260407-WJ1DHW7X,2025-10-31 12:44:46
212,212,2754.41,UPI,SUCCESS,PAY20260407-UPN2LKBF,2025-05-18 08:57:36
213,213,0.0,WALLET,FAILED,PAY20260407-6PPX49D1,2024-03-09 21:14:50
214,214,1180.46,WALLET,SUCCESS,PAY20260407-Q2MCH719,2024-08-14 04:37:01
215,215,954.14,UPI,SUCCESS,PAY20260407-H6K72S89,2025-09-16 01:56:27
216,216,1205.09,UPI,SUCCESS,PAY20260407-FDWLH404,2025-10-31 15:07:35
217,217,0.0,UPI,FAILED,PAY20260407-CQ2LAJMP,2024-03-14 20:44:26
218,218,0.0,UPI,FAILED,PAY20260407-1RMQTXXJ,2025-08-04 23:13:32
219,219,6374.5,WALLET,SUCCESS,PAY20260407-KT3AOZBI,2024-11-18 03:05:00
220,220,3462.11,NETBANKING,SUCCESS,PAY20260407-TV2BITC4,2024-01-08 21:15:52
221,221,1205.09,UPI,SUCCESS,PAY20260407-64UHDFLA,2024-08-28 03:54:37
222,222,523.95,CARD,SUCCESS,PAY20260407-03O0Z2N8,2024-07-23 16:22:46
223,223,2580.85,WALLET,SUCCESS,PAY20260407-Y50XHC27,2025-09-06 07:55:52
224,224,1636.64,WALLET,SUCCESS,PAY20260407-M77LKDTU,2025-07-14 10:08:55
225,225,0.0,CARD,FAILED,PAY20260407-JF2G6SUO,2025-11-03 09:09:45
226,226,3339.47,NETBANKING,SUCCESS,PAY20260407-URA04TY2,2025-01-14 08:51:08
227,227,1927.17,CARD,SUCCESS,PAY20260407-7HG6O75Z,2025-02-21 14:35:18
228,228,754.11,WALLET,PENDING,PAY20260407-OBLRYBCA,2025-07-09 10:49:24
229,229,1152.11,NETBANKING,SUCCESS,PAY20260407-LXUSR2SB,2025-01-15 20:35:14
230,230,1834.88,NETBANKING,SUCCESS,PAY20260407-AVBHCC65,2025-10-06 20:07:01
231,231,1256.85,CARD,PENDING,PAY20260407-0SGQNNLX,2024-02-08 05:05:26
232,232,0.0,CARD,FAILED,PAY20260407-FL38NX65,2024-07-18 15:11:07
233,233,6374.5,WALLET,SUCCESS,PAY20260407-GVMOVZL1,2025-03-17 11:32:27
234,234,0.0,UPI,FAILED,PAY20260407-40BWS7FX,2024-07-18 00:50:54
235,235,1573.95,WALLET,SUCCESS,PAY20260407-KGPJN5JD,2025-04-01 18:28:49
236,236,2252.98,NETBANKING,SUCCESS,PAY20260407-1Y6XH3UZ,2025-02-11 13:25:42
237,237,2752.31,CARD,SUCCESS,PAY20260407-ZQ69RX5A,2025-04-25 21:16:06
238,238,2724.54,WALLET,SUCCESS,PAY20260407-0GVK7AWT,2025-09-17 06:20:49
239,239,4406.32,CARD,SUCCESS,PAY20260407-N6GJKOGA,2025-07-27 06:22:40
240,240,2754.41,UPI,SUCCESS,PAY20260407-6EDYV66H,2024-01-08 22:55:28
241,241,2098.95,UPI,SUCCESS,PAY20260407-4BWMIBRJ,2025-01-02 06:59:06
242,242,6295.8,WALLET,SUCCESS,PAY20260407-HSKGAF9Q,2024-10-27 18:42:03
243,243,0.0,CARD,FAILED,PAY20260407-WLON9BW6,2025-04-17 02:25:09
244,244,0.0,WALLET,FAILED,PAY20260407-344P71MY,2025-01-15 04:28:33
245,245,550.46,NETBANKING,SUCCESS,PAY20260407-UU4N4GR4,2025-01-14 05:09:00
246,246,1592.01,WALLET,SUCCESS,PAY20260407-79BBJ7RO,2024-08-25 09:02:22
247,247,1277.8,NETBANKING,SUCCESS,PAY20260407-2BIMJH0H,2024-04-01 02:02:10
248,248,733.16,NETBANKING,SUCCESS,PAY20260407-J8G2NQ92,2024-06-27 13:55:19
249,249,1504.6,CARD,PENDING,PAY20260407-VS3H7R4W,2024-11-07 15:52:56
250,250,1180.46,NETBANKING,SUCCESS,PAY20260407-ZQAWMF8B,2024-12-13 12:51:58
251,251,1100.92,CARD,SUCCESS,PAY20260407-GFCDILHZ,2025-08-26 07:24:49
252,252,1964.81,UPI,SUCCESS,PAY20260407-Y1A5Z23H,2024-06-13 08:50:14
253,253,5098.75,UPI,SUCCESS,PAY20260407-1484VPSL,2024-04-06 20:55:35
254,254,707.96,NETBANKING,SUCCESS,PAY20260407-G48J7DIB,2024-01-22 21:40:40
255,255,3273.27,UPI,SUCCESS,PAY20260407-G2Q3VPNV,2024-11-03 10:27:49
256,256,0.0,UPI,FAILED,PAY20260407-7YYWBZQK,2025-09-11 03:17:20
257,257,1592.01,UPI,SUCCESS,PAY20260407-YBBO4DNI,2024-04-18 22:14:43
258,258,0.0,UPI,FAILED,PAY20260407-UMZGFXPK,2025-09-19 16:44:15
259,259,3839.8,CARD,SUCCESS,PAY20260407-IT10OHGQ,2024-04-26 11:34:50
260,260,7554.96,UPI,SUCCESS,PAY20260407-SIJ3KK81,2024-07-07 14:43:12
261,261,550.46,CARD,SUCCESS,PAY20260407-9FRWLI0X,2024-02-08 20:31:40
262,262,2895.58,UPI,SUCCESS,PAY20260407-9INQEPZM,2024-12-25 04:16:51
263,263,3147.9,UPI,SUCCESS,PAY20260407-B1H0EXCP,2024-09-21 05:04:29
264,264,1180.46,WALLET,SUCCESS,PAY20260407-694MZFYM,2025-03-06 22:28:24
265,265,6374.5,CARD,SUCCESS,PAY20260407-Y4Y2COXZ,2024-05-23 16:25:09
266,266,7161.47,UPI,PENDING,PAY20260407-F5BRKD0U,2024-10-06 11:17:28
267,267,0.0,UPI,FAILED,PAY20260407-CG81G3HN,2025-08-08 18:10:46
268,268,2238.55,NETBANKING,SUCCESS,PAY20260407-3TCM3TUI,2025-07-30 05:52:50
269,269,3155.98,WALLET,SUCCESS,PAY20260407-RCWLZJFT,2024-03-05 15:41:44
270,270,733.16,WALLET,SUCCESS,PAY20260407-396XFXGE,2025-12-01 22:33:31
271,271,1612.96,WALLET,SUCCESS,PAY20260407-TZXH01M3,2024-08-10 12:31:11
272,272,0.0,CARD,FAILED,PAY20260407-YZWA79UB,2025-04-19 01:42:46
273,273,4800.55,CARD,SUCCESS,PAY20260407-J2QEYU3H,2025-09-05 08:09:41
274,274,0.0,CARD,FAILED,PAY20260407-SHI6L87T,2024-06-20 19:35:28
275,275,2833.11,WALLET,SUCCESS,PAY20260407-LS0SLPAP,2024-06-18 07:32:45
276,276,1277.8,UPI,SUCCESS,PAY20260407-0KIEX4P3,2025-02-25 01:53:51
277,277,2541.16,NETBANKING,SUCCESS,PAY20260407-F6Q7WRD5,2025-06-05 16:00:26
278,278,1415.92,UPI,SUCCESS,PAY20260407-WU23Y4KJ,2025-06-05 13:05:06
279,279,1180.46,CARD,SUCCESS,PAY20260407-TF84ZUKG,2024-07-09 09:33:51
280,280,2055.06,UPI,SUCCESS,PAY20260407-JICFMELT,2024-05-25 14:14:15
281,281,7633.66,NETBANKING,SUCCESS,PAY20260407-1MGCFNIX,2024-03-01 19:01:49
282,282,392.96,CARD,SUCCESS,PAY20260407-XZEHJ1MY,2024-03-06 03:29:02
283,283,0.0,NETBANKING,FAILED,PAY20260407-YNEAIC4N,2024-03-28 18:09:59
284,284,5035.8,CARD,SUCCESS,PAY20260407-ZZU3HR7Z,2024-11-21 01:23:47
285,285,6453.2,WALLET,SUCCESS,PAY20260407-R4P2PV4P,2024-02-15 13:21:16
286,286,1180.46,UPI,SUCCESS,PAY20260407-Z25KKXPS,2025-07-22 07:12:23
287,287,1047.9,CARD,SUCCESS,PAY20260407-S6Q6DSTS,2024-02-06 01:10:46
288,288,681.14,CARD,SUCCESS,PAY20260407-14ONHWJ2,2024-04-03 14:58:50
289,289,858.85,NETBANKING,SUCCESS,PAY20260407-PQM9CIWS,2025-08-24 10:15:50
290,290,1636.64,NETBANKING,SUCCESS,PAY20260407-Q31DGL8N,2024-12-14 13:08:10
291,291,681.14,CARD,SUCCESS,PAY20260407-FFEA315P,2025-12-01 03:15:59
292,292,3192.68,WALLET,SUCCESS,PAY20260407-PMA3ZFQQ,2025-04-06 12:18:49
293,293,1284.41,WALLET,SUCCESS,PAY20260407-LS486H0I,2025-06-28 18:55:35
294,294,1074.1,CARD,SUCCESS,PAY20260407-L12GARRX,2024-09-23 23:14:56
295,295,6926.54,WALLET,SUCCESS,PAY20260407-WE1QLM4S,2025-11-10 15:29:46
296,296,3620.08,CARD,PENDING,PAY20260407-F69975G2,2024-09-23 13:16:33
297,297,0.0,UPI,FAILED,PAY20260407-G4JKUTVZ,2025-08-31 00:55:45
298,298,523.95,NETBANKING,SUCCESS,PAY20260407-ZZZ4HPB7,2024-10-02 03:37:52
299,299,3525.06,CARD,SUCCESS,PAY20260407-YMXBTTMS,2024-11-28 18:49:31
300,300,0.0,NETBANKING,FAILED,PAY20260407-57FYARCU,2025-06-10 04:36:05
301,301,4058.98,CARD,SUCCESS,PAY20260407-EH0SZJ1S,2024-04-02 12:24:15
302,302,0.0,WALLET,FAILED,PAY20260407-KQKOJ6LI,2024-03-23 21:58:57
303,303,916.91,UPI,SUCCESS,PAY20260407-55MBGDY0,2024-11-17 01:16:54
304,304,1636.64,WALLET,SUCCESS,PAY20260407-A012UFEI,2025-03-12 07:41:24
305,305,5666.22,WALLET,SUCCESS,PAY20260407-1GJM1DY8,2024-09-05 21:05:45
306,306,1277.8,WALLET,SUCCESS,PAY20260407-BHZIC0GR,2025-01-29 00:29:55
307,307,4328.36,WALLET,SUCCESS,PAY20260407-FIT42NV5,2025-02-18 12:50:04
308,308,6926.54,CARD,SUCCESS,PAY20260407-B9UNTK6W,2025-12-06 21:05:11
309,309,1258.95,NETBANKING,PENDING,PAY20260407-YAVO2OE4,2024-01-21 20:08:44
310,310,3226.6,WALLET,PENDING,PAY20260407-X3HD7RGE,2024-12-26 00:57:03
311,311,0.0,CARD,FAILED,PAY20260407-S1VDY0QW,2024-07-17 01:53:42
312,312,1636.64,WALLET,SUCCESS,PAY20260407-W2DXHHZR,2024-07-03 12:44:15
313,313,0.0,CARD,FAILED,PAY20260407-871C36I3,2024-09-03 23:03:55
314,314,2672.14,WALLET,PENDING,PAY20260407-4I1P8MGP,2024-01-13 21:07:10
315,315,2385.34,NETBANKING,SUCCESS,PAY20260407-BRB4GBMD,2025-12-06 15:46:04
316,316,944.21,CARD,PENDING,PAY20260407-NLKQAUAT,2025-10-27 16:41:08
317,317,2098.95,CARD,SUCCESS,PAY20260407-J94R772X,2024-07-07 07:45:47
318,318,3147.9,NETBANKING,SUCCESS,PAY20260407-843WFQ91,2024-12-09 20:05:15
319,319,1651.91,WALLET,SUCCESS,PAY20260407-99BSA7M7,2024-02-02 21:22:21
320,320,1047.9,UPI,SUCCESS,PAY20260407-LE83J49P,2024-05-13 15:55:08
321,321,0.0,NETBANKING,FAILED,PAY20260407-SX5ZRWW8,2024-11-15 07:39:15
322,322,4469.27,UPI,SUCCESS,PAY20260407-EOR0L5PX,2024-02-18 01:32:37
323,323,1284.41,WALLET,SUCCESS,PAY20260407-1P4DFB17,2024-11-08 10:00:31
324,324,4721.06,UPI,PENDING,PAY20260407-9SV7FYDS,2025-08-06 21:13:31
325,325,5728.22,UPI,SUCCESS,PAY20260407-4EJY6JK4,2025-02-06 04:07:35
326,326,550.46,NETBANKING,SUCCESS,PAY20260407-8207HAY0,2025-04-21 23:46:19
327,327,418.95,NETBANKING,SUCCESS,PAY20260407-OOD86ILD,2024-11-03 08:12:31
328,328,3147.9,UPI,SUCCESS,PAY20260407-3SWNWLKB,2025-12-13 09:29:00
329,329,1688.09,WALLET,SUCCESS,PAY20260407-13HFX3MI,2025-04-18 01:26:09
330,330,2972.5,UPI,SUCCESS,PAY20260407-V81FBFS5,2024-09-15 00:08:12
331,331,2879.05,UPI,SUCCESS,PAY20260407-CZQVSYIZ,2025-06-13 03:12:18
332,332,6926.54,WALLET,SUCCESS,PAY20260407-TWNSFDNO,2025-02-01 01:34:23
333,333,1574.21,WALLET,PENDING,PAY20260407-5IG1OV8Q,2025-12-20 19:24:15
334,334,2422.04,NETBANKING,SUCCESS,PAY20260407-L9ASBEIT,2024-12-02 06:46:31
335,335,0.0,UPI,FAILED,PAY20260407-9YNB6AWH,2025-10-14 16:05:28
336,336,550.46,UPI,SUCCESS,PAY20260407-N59WR0TS,2024-07-01 19:35:04
337,337,3934.88,NETBANKING,SUCCESS,PAY20260407-MHBH4HLQ,2025-10-06 02:05:02
338,338,1180.46,UPI,SUCCESS,PAY20260407-ZYLETN9C,2024-09-14 06:49:00
339,339,2972.5,WALLET,SUCCESS,PAY20260407-LHOWB786,2024-12-19 00:03:00
340,340,944.21,UPI,SUCCESS,PAY20260407-D8P6SB27,2024-06-24 02:16:39
341,341,0.0,UPI,FAILED,PAY20260407-NBUDDYJS,2025-03-20 11:59:37
342,342,2862.41,CARD,SUCCESS,PAY20260407-ACZEL81C,2025-04-25 16:01:14
343,343,1256.85,NETBANKING,SUCCESS,PAY20260407-04YYB7ZN,2024-12-25 16:45:44
344,344,2046.14,CARD,SUCCESS,PAY20260407-XJ9WLBUY,2024-12-19 03:21:45
345,345,1888.43,WALLET,PENDING,PAY20260407-S95Z6JV0,2025-01-19 23:35:25
346,346,733.95,CARD,SUCCESS,PAY20260407-YBEFAUG0,2024-12-22 02:37:07
347,347,954.14,UPI,SUCCESS,PAY20260407-B17L742V,2025-05-02 20:30:14
348,348,2018.36,CARD,SUCCESS,PAY20260407-SHF7YMBE,2025-07-10 06:58:29
349,349,550.46,NETBANKING,SUCCESS,PAY20260407-8DKOP24X,2025-02-23 10:50:52
350,350,0.0,UPI,FAILED,PAY20260407-D3P41DY1,2025-05-14 20:28:01
351,351,2517.9,WALLET,PENDING,PAY20260407-G7BGY3M8,2025-07-02 09:06:22
352,352,5476.43,UPI,SUCCESS,PAY20260407-DCJFCIR6,2024-07-22 04:06:09
353,353,1467.9,NETBANKING,SUCCESS,PAY20260407-TL4IBA0A,2024-10-11 03:24:47
354,354,5587.52,WALLET,SUCCESS,PAY20260407-316OJCHN,2025-02-20 03:10:38
355,355,0.0,CARD,FAILED,PAY20260407-S2E9CR9Q,2025-08-10 14:25:22
356,356,0.0,NETBANKING,FAILED,PAY20260407-X8VBW6ML,2024-12-07 23:24:30
357,357,4328.36,WALLET,SUCCESS,PAY20260407-6SSH4H6A,2024-09-09 16:05:25
358,358,1636.64,UPI,SUCCESS,PAY20260407-8HCYXHJT,2024-11-05 14:47:25
359,359,3559.66,CARD,SUCCESS,PAY20260407-C76RBADR,2025-03-05 22:02:39
360,360,0.0,CARD,FAILED,PAY20260407-19VP1ZIT,2024-03-14 04:19:23
361,361,2972.5,NETBANKING,SUCCESS,PAY20260407-52T4YV8H,2025-10-05 14:05:00
362,362,4721.85,WALLET,SUCCESS,PAY20260407-9AYAQRHQ,2024-08-06 11:51:28
363,363,1205.09,NETBANKING,SUCCESS,PAY20260407-HD2YF0KX,2024-03-10 06:52:04
364,364,9130.43,UPI,PENDING,PAY20260407-MTE8IVYK,2025-06-03 14:00:25
365,365,0.0,UPI,FAILED,PAY20260407-P845TVR6,2025-09-12 23:05:20
366,366,4154.54,NETBANKING,PENDING,PAY20260407-3VPSCR6A,2024-07-05 14:49:10
367,367,0.0,WALLET,FAILED,PAY20260407-TU4JNKUM,2024-03-09 17:25:16
368,368,2642.22,CARD,SUCCESS,PAY20260407-N2JDNNH2,2025-10-07 05:49:17
369,369,2458.73,UPI,SUCCESS,PAY20260407-B26BR687,2025-03-21 12:08:47
370,370,4800.55,NETBANKING,SUCCESS,PAY20260407-LBW6FRCJ,2025-03-04 22:02:33
371,371,3522.96,NETBANKING,SUCCESS,PAY20260407-ZBWO2I7A,2024-03-01 19:39:57
372,372,4800.55,UPI,SUCCESS,PAY20260407-SPGBQRB7,2025-02-14 18:19:51
373,373,2148.2,NETBANKING,SUCCESS,PAY20260407-E3C0MAML,2024-09-13 22:17:21
374,374,4800.55,WALLET,SUCCESS,PAY20260407-YP8ALGWD,2025-10-25 21:26:45
375,375,0.0,NETBANKING,FAILED,PAY20260407-D2MFA483,2025-08-04 00:51:27
376,376,3147.9,UPI,SUCCESS,PAY20260407-FBDV2UHJ,2025-12-12 08:09:40
377,377,0.0,NETBANKING,FAILED,PAY20260407-JDAN8P98,2024-07-02 04:53:16
378,378,418.95,NETBANKING,PENDING,PAY20260407-P62GJ1QY,2025-11-21 05:58:11
379,379,2098.95,UPI,SUCCESS,PAY20260407-TSBZ123Y,2025-01-15 05:47:24
380,380,0.0,CARD,FAILED,PAY20260407-O7RBO49L,2025-12-02 17:16:59
381,381,550.46,UPI,SUCCESS,PAY20260407-EAXPH92V,2025-01-25 09:18:54
382,382,314.21,NETBANKING,SUCCESS,PAY20260407-Z562D12W,2024-10-10 04:50:27
383,383,392.96,CARD,SUCCESS,PAY20260407-MYCHWKG6,2025-01-12 16:28:47
384,384,837.9,NETBANKING,SUCCESS,PAY20260407-CZOOD659,2025-12-01 02:20:17
385,385,1467.9,NETBANKING,PENDING,PAY20260407-AQRVWWI0,2025-08-04 20:44:54
386,386,1688.09,WALLET,SUCCESS,PAY20260407-HB0POKMR,2024-06-30 00:54:13
387,387,2934.12,NETBANKING,PENDING,PAY20260407-UHI4YVO5,2025-04-02 20:51:24
388,388,392.96,CARD,SUCCESS,PAY20260407-VNYDAG0F,2024-04-04 16:17:00
389,389,314.21,CARD,SUCCESS,PAY20260407-0BXT8G5C,2025-07-12 14:12:37
390,390,1888.43,WALLET,SUCCESS,PAY20260407-6894S2S6,2024-09-07 18:11:52
391,391,4827.58,UPI,SUCCESS,PAY20260407-E7DD2HFF,2024-07-15 22:15:03
392,392,392.96,WALLET,SUCCESS,PAY20260407-52YKQHV2,2025-06-01 03:33:36
393,393,733.95,WALLET,SUCCESS,PAY20260407-8KJMYG61,2024-05-31 20:10:41
394,394,314.21,NETBANKING,SUCCESS,PAY20260407-2QDILKQI,2024-11-14 17:03:34
395,395,1592.01,WALLET,SUCCESS,PAY20260407-54Z0SU9W,2025-01-09 12:00:35
396,396,3376.17,UPI,SUCCESS,PAY20260407-YUHOLECT,2025-07-20 07:46:44
397,397,1180.46,NETBANKING,SUCCESS,PAY20260407-Z9KPZNR2,2024-12-05 22:21:36
398,398,4532.22,WALLET,SUCCESS,PAY20260407-FEARGG6K,2024-05-22 01:40:47
399,399,0.0,NETBANKING,FAILED,PAY20260407-3WZJSSY3,2025-07-03 17:53:10
400,400,3620.08,CARD,SUCCESS,PAY20260407-I8GM68S2,2024-07-21 20:00:39
