ticket_id,order_id,seat_id,ticket_code,ticket_status,issued_at
1,2,880,TKT20260407-DTPA1QLT,ISSUED,2025-11-04 02:26:03
2,3,983,TKT20260407-AAXM34YN,ISSUED,2024-08-02 09:53:34
3,3,926,TKT20260407-ONP43YKH,ISSUED,2024-08-02 09:58:34
4,5,5028,TKT20260407-YTD1W7N5,ISSUED,2024-05-20 06:59:52
5,5,5022,TKT20260407-SHMEKDTT,ISSUED,2024-05-20 06:58:52
6,5,5033,TKT20260407-3E0V3J3I,ISSUED,2024-05-20 07:02:52
7,6,6442,TKT20260407-6WZHSMGB,ISSUED,2025-01-26 06:09:01
8,7,746,TKT20260407-4VPHN6W2,ISSUED,2025-01-31 23:29:46
9,7,777,TKT20260407-RMPU9BNZ,ISSUED,2025-01-31 23:27:46
10,7,784,TKT20260407-PMA5V7XY,ISSUED,2025-01-31 23:25:46
11,7,741,TKT20260407-7XGS5R15,ISSUED,2025-01-31 23:28:46
12,8,3147,TKT20260407-9AT96AJZ,ISSUED,2024-10-09 05:11:25
13,8,3083,TKT20260407-YN91DCUV,ISSUED,2024-10-09 05:15:25
14,8,3085,TKT20260407-CHUXL18Y,ISSUED,2024-10-09 05:11:25
15,9,1103,TKT20260407-7DNP2Y0U,ISSUED,2025-12-07 17:34:32
16,9,1051,TKT20260407-9MPNEFOH,ISSUED,2025-12-07 17:26:32
17,9,1116,TKT20260407-AYMFC3ZL,ISSUED,2025-12-07 17:38:32
18,10,3070,TKT20260407-ELSYLYMW,ISSUED,2025-10-14 14:14:01
19,10,3045,TKT20260407-MJKF6ZSR,ISSUED,2025-10-14 14:10:01
20,11,5390,TKT20260407-8E1PJNFU,ISSUED,2025-10-13 06:04:17
21,11,5334,TKT20260407-LDQWWMGU,ISSUED,2025-10-13 06:02:17
22,12,6724,TKT20260407-VSII1R6I,ISSUED,2024-06-14 17:27:06
23,12,6733,TKT20260407-EFPSNU0W,ISSUED,2024-06-14 17:40:06
24,12,6735,TKT20260407-N3T089GK,ISSUED,2024-06-14 17:39:06
25,13,3128,TKT20260407-O85JY0UQ,ISSUED,2024-01-31 06:01:48
26,13,3104,TKT20260407-OZZG1P8A,ISSUED,2024-01-31 06:07:48
27,13,3092,TKT20260407-PVXR55A8,ISSUED,2024-01-31 06:10:48
28,13,3117,TKT20260407-6AYI9BJC,ISSUED,2024-01-31 06:04:48
29,15,2051,TKT20260407-S91WMMII,ISSUED,2025-01-02 20:31:01
30,16,6421,TKT20260407-AY0SQ3JN,ISSUED,2024-02-24 04:14:36
31,18,4252,TKT20260407-JKZRDPIU,ISSUED,2025-05-24 06:03:04
32,19,2590,TKT20260407-IGQLEUOO,ISSUED,2024-03-15 22:29:17
33,19,2516,TKT20260407-NB7V7DVI,ISSUED,2024-03-15 22:31:17
34,20,4326,TKT20260407-BYSC7HW6,ISSUED,2024-06-30 08:03:51
35,20,4384,TKT20260407-74CNMNC3,ISSUED,2024-06-30 08:06:51
36,20,4376,TKT20260407-BQLWWA5N,ISSUED,2024-06-30 08:04:51
37,20,4342,TKT20260407-ROM4EXZ3,ISSUED,2024-06-30 08:03:51
38,22,1093,TKT20260407-1BS78ENZ,ISSUED,2024-06-27 18:55:48
39,23,6259,TKT20260407-BQNWXZMR,ISSUED,2025-04-02 18:36:32
40,24,108,TKT20260407-TT7MXQOY,ISSUED,2025-10-22 07:34:06
41,24,39,TKT20260407-92DIONU9,ISSUED,2025-10-22 07:36:06
42,25,4086,TKT20260407-P5CDYNHZ,ISSUED,2025-08-12 00:51:47
43,26,6257,TKT20260407-J52757M4,ISSUED,2024-01-14 01:43:28
44,26,6241,TKT20260407-IUY681C4,ISSUED,2024-01-14 01:47:28
45,26,6279,TKT20260407-AV55YLZ1,ISSUED,2024-01-14 01:52:28
46,26,6283,TKT20260407-EYHQNNUE,ISSUED,2024-01-14 01:50:28
47,27,4963,TKT20260407-UT39M0C9,ISSUED,2024-02-27 19:37:38
48,27,4986,TKT20260407-2HEI4MT6,ISSUED,2024-02-27 19:44:38
49,28,2048,TKT20260407-4TD0HBK9,ISSUED,2025-05-03 07:04:46
50,28,1970,TKT20260407-AQ0YFDJA,ISSUED,2025-05-03 07:17:46
51,28,2000,TKT20260407-B61RLEUI,ISSUED,2025-05-03 07:06:46
52,28,1995,TKT20260407-8PNU2FEB,ISSUED,2025-05-03 07:15:46
53,29,4991,TKT20260407-PI62A0F6,ISSUED,2024-01-19 21:35:00
54,29,4959,TKT20260407-UUJ6XG0C,ISSUED,2024-01-19 21:33:00
55,29,4989,TKT20260407-LUUM3AEB,ISSUED,2024-01-19 21:36:00
56,32,198,TKT20260407-OL7RFIU4,ISSUED,2024-12-04 04:06:56
57,32,208,TKT20260407-5C1JBIV0,ISSUED,2024-12-04 04:00:56
58,32,286,TKT20260407-1MK9MCUF,ISSUED,2024-12-04 03:57:56
59,33,831,TKT20260407-PMIYWZ5E,ISSUED,2024-01-25 22:54:37
60,33,862,TKT20260407-QFNZ4D0B,ISSUED,2024-01-25 22:47:37
61,33,841,TKT20260407-2CSDNFRN,ISSUED,2024-01-25 23:00:37
62,33,878,TKT20260407-TEC4HYST,ISSUED,2024-01-25 22:54:37
63,35,5382,TKT20260407-N6ME9LOG,ISSUED,2024-03-26 09:02:04
64,35,5408,TKT20260407-FHSNL9O0,ISSUED,2024-03-26 08:55:04
65,36,4960,TKT20260407-D1PMO6CF,ISSUED,2025-04-30 19:16:17
66,36,4946,TKT20260407-EY26GNMQ,ISSUED,2025-04-30 19:17:17
67,37,3389,TKT20260407-N13VFMKD,ISSUED,2024-11-07 20:57:27
68,37,3378,TKT20260407-KP55JGAB,ISSUED,2024-11-07 20:55:27
69,37,3375,TKT20260407-0BDCXEW8,ISSUED,2024-11-07 21:04:27
70,37,3367,TKT20260407-YRPB47OA,ISSUED,2024-11-07 20:55:27
71,38,1566,TKT20260407-H7J8QPSS,ISSUED,2025-12-12 22:55:10
72,39,1929,TKT20260407-204QBU9M,ISSUED,2024-07-15 09:33:23
73,39,1926,TKT20260407-SDV82QMB,ISSUED,2024-07-15 09:21:23
74,39,1913,TKT20260407-G6NRW1E2,ISSUED,2024-07-15 09:25:23
75,40,4450,TKT20260407-2LMKX1QA,ISSUED,2024-09-23 19:58:46
76,40,4436,TKT20260407-ROE0QXQF,ISSUED,2024-09-23 19:49:46
77,40,4451,TKT20260407-H7MM2VTZ,ISSUED,2024-09-23 19:57:46
78,40,4401,TKT20260407-AE4OORGQ,ISSUED,2024-09-23 19:57:46
79,41,5818,TKT20260407-LNOD6VNA,ISSUED,2025-11-13 21:08:15
80,41,5855,TKT20260407-VOS4YBJI,ISSUED,2025-11-13 21:08:15
81,41,5761,TKT20260407-2N4FC97F,ISSUED,2025-11-13 21:12:15
82,42,993,TKT20260407-4J8O6D5Y,ISSUED,2025-10-23 02:20:42
83,44,1341,TKT20260407-OM7LZXFK,ISSUED,2025-11-10 22:35:29
84,45,2352,TKT20260407-4U4GBESV,ISSUED,2024-10-31 22:25:46
85,45,2337,TKT20260407-TUJRQ3B2,ISSUED,2024-10-31 22:25:46
86,45,2307,TKT20260407-18A4Y2XV,ISSUED,2024-10-31 22:22:46
87,46,5368,TKT20260407-5Y2F1WNM,ISSUED,2024-08-18 06:49:35
88,46,5357,TKT20260407-ZCMK4XPK,ISSUED,2024-08-18 07:00:35
89,46,5367,TKT20260407-3DSJ3YZO,ISSUED,2024-08-18 06:59:35
90,46,5351,TKT20260407-51GL6IYO,ISSUED,2024-08-18 06:52:35
91,47,313,TKT20260407-TKTBJEFN,ISSUED,2025-10-23 02:37:07
92,47,439,TKT20260407-3AQ74TZ6,ISSUED,2025-10-23 02:30:07
93,47,465,TKT20260407-YPHMDIGH,ISSUED,2025-10-23 02:35:07
94,47,403,TKT20260407-JX859HR7,ISSUED,2025-10-23 02:42:07
95,48,2041,TKT20260407-4GQVNLBM,ISSUED,2024-07-26 04:59:56
96,51,1360,TKT20260407-WATGML76,ISSUED,2024-02-28 18:00:55
97,52,2052,TKT20260407-IDFREJGX,ISSUED,2025-09-29 03:54:40
98,52,2084,TKT20260407-RWG8BU2Z,ISSUED,2025-09-29 03:55:40
99,53,5327,TKT20260407-GJLA74G0,ISSUED,2025-06-01 05:32:17
100,53,5307,TKT20260407-M2T8YCTO,ISSUED,2025-06-01 05:45:17
101,54,6725,TKT20260407-QUHUNDXX,ISSUED,2025-12-10 06:53:45
102,54,6700,TKT20260407-7TV8SJFN,ISSUED,2025-12-10 07:04:45
103,55,350,TKT20260407-COTQOUQB,ISSUED,2024-12-17 07:00:22
104,55,359,TKT20260407-6WY33IBC,ISSUED,2024-12-17 06:56:22
105,55,384,TKT20260407-K5WK0OWY,ISSUED,2024-12-17 07:05:22
106,56,414,TKT20260407-5Q6231N1,ISSUED,2024-08-14 11:12:58
107,56,310,TKT20260407-M0QHS7QR,ISSUED,2024-08-14 11:15:58
108,56,383,TKT20260407-OTRTY80B,ISSUED,2024-08-14 11:10:58
109,56,424,TKT20260407-GI5FVT8Y,ISSUED,2024-08-14 11:22:58
110,57,6418,TKT20260407-IA9PB47T,ISSUED,2024-09-14 22:00:52
111,57,6374,TKT20260407-OBUMAQKW,ISSUED,2024-09-14 22:10:52
112,58,2611,TKT20260407-UC1O5PAI,ISSUED,2024-02-10 07:28:14
113,58,2620,TKT20260407-NPD6I22G,ISSUED,2024-02-10 07:30:14
114,58,2513,TKT20260407-5KCQAXMU,ISSUED,2024-02-10 07:24:14
115,60,4518,TKT20260407-VMUES2GX,ISSUED,2024-06-24 05:45:43
116,60,4530,TKT20260407-3FL7E8IX,ISSUED,2024-06-24 05:48:43
117,60,4546,TKT20260407-RT8MP1YU,ISSUED,2024-06-24 05:49:43
118,60,4497,TKT20260407-FKCYXAS0,ISSUED,2024-06-24 05:40:43
119,61,2002,TKT20260407-SWPDPI2N,ISSUED,2025-02-09 16:39:12
120,61,1971,TKT20260407-M2W32CQA,ISSUED,2025-02-09 16:38:12
121,61,2056,TKT20260407-IV0YK5GF,ISSUED,2025-02-09 16:42:12
122,63,4977,TKT20260407-ZBSNVNIY,ISSUED,2024-07-15 07:15:22
123,64,693,TKT20260407-O4ANF4PQ,ISSUED,2024-12-19 11:57:09
124,64,682,TKT20260407-KFER5J1Z,ISSUED,2024-12-19 11:54:09
125,64,677,TKT20260407-6892PC9T,ISSUED,2024-12-19 12:01:09
126,64,658,TKT20260407-ON497IRU,ISSUED,2024-12-19 11:58:09
127,65,4321,TKT20260407-6LHKNX5F,ISSUED,2025-07-30 22:13:45
128,66,6378,TKT20260407-2S2L3ZTS,ISSUED,2025-11-09 16:18:25
129,66,6336,TKT20260407-73CMZDXX,ISSUED,2025-11-09 16:12:25
130,66,6377,TKT20260407-E04E9W2X,ISSUED,2025-11-09 16:14:25
131,66,6433,TKT20260407-8Y2AA69Q,ISSUED,2025-11-09 16:13:25
132,67,2364,TKT20260407-F7Z003U7,ISSUED,2024-02-05 23:40:11
133,70,4410,TKT20260407-01QG2D3U,ISSUED,2025-11-13 07:10:48
134,70,4465,TKT20260407-HMRSEDMM,ISSUED,2025-11-13 07:06:48
135,70,4408,TKT20260407-T8B9IXF3,ISSUED,2025-11-13 07:02:48
136,71,2025,TKT20260407-JL4R9LGY,ISSUED,2024-12-21 12:01:04
137,71,2004,TKT20260407-7YGND1DM,ISSUED,2024-12-21 12:05:04
138,71,1984,TKT20260407-7R5SQ57N,ISSUED,2024-12-21 12:06:04
139,72,4536,TKT20260407-BJIZFH7R,ISSUED,2025-06-29 02:41:33
140,73,1492,TKT20260407-6HJOGISO,ISSUED,2024-06-20 12:47:07
141,74,986,TKT20260407-N594WR98,ISSUED,2024-06-09 18:18:57
142,75,4200,TKT20260407-QD4E72N8,ISSUED,2024-09-20 10:28:21
143,75,4161,TKT20260407-TW7VGRXQ,ISSUED,2024-09-20 10:42:21
144,77,385,TKT20260407-224XD7N0,ISSUED,2024-02-12 01:59:31
145,77,331,TKT20260407-T9FLSAIF,ISSUED,2024-02-12 02:02:31
146,77,450,TKT20260407-N0I20MQA,ISSUED,2024-02-12 01:54:31
147,77,334,TKT20260407-R9VRJXMG,ISSUED,2024-02-12 02:06:31
148,78,5699,TKT20260407-R66JJBOU,ISSUED,2024-08-14 04:49:19
149,79,2298,TKT20260407-U9AURCVD,ISSUED,2024-02-01 10:53:25
150,79,2323,TKT20260407-CEA1IUQ0,ISSUED,2024-02-01 10:54:25
151,80,6231,TKT20260407-2SDF1NGE,ISSUED,2024-01-16 16:37:36
152,80,6331,TKT20260407-Y5YO7AQX,ISSUED,2024-01-16 16:29:36
153,81,3344,TKT20260407-GOPE3KDM,ISSUED,2024-12-27 06:05:34
154,81,3373,TKT20260407-CH9BXKN7,ISSUED,2024-12-27 06:06:34
155,81,3340,TKT20260407-W8WIM83X,ISSUED,2024-12-27 06:03:34
156,82,1370,TKT20260407-VJ5O96E4,ISSUED,2024-09-02 16:22:38
157,82,1392,TKT20260407-03I88GEK,ISSUED,2024-09-02 16:10:38
158,83,4022,TKT20260407-PPJVG428,ISSUED,2025-03-24 03:14:13
159,84,6328,TKT20260407-K0NC4TKO,ISSUED,2024-04-20 12:20:14
160,84,6266,TKT20260407-AU8VKO8F,ISSUED,2024-04-20 12:21:14
161,84,6201,TKT20260407-S5NYUM8H,ISSUED,2024-04-20 12:21:14
162,85,5659,TKT20260407-L1308KBT,ISSUED,2024-11-30 01:58:43
163,85,5669,TKT20260407-C0HL2QDA,ISSUED,2024-11-30 02:07:43
164,87,4967,TKT20260407-NZWI97PK,ISSUED,2024-12-23 23:57:26
165,87,4948,TKT20260407-RRBQ1PUK,ISSUED,2024-12-23 23:55:26
166,87,4978,TKT20260407-NHYDA0OU,ISSUED,2024-12-23 23:52:26
167,87,4951,TKT20260407-N5HQWJKT,ISSUED,2024-12-23 23:48:26
168,90,5745,TKT20260407-C34FA1FI,ISSUED,2024-04-03 20:28:09
169,92,6835,TKT20260407-79MNNIRC,ISSUED,2024-01-12 01:20:09
170,92,6816,TKT20260407-HR1ZSH3Y,ISSUED,2024-01-12 01:16:09
171,93,380,TKT20260407-ZQ87PMH0,ISSUED,2025-12-17 12:55:48
172,93,362,TKT20260407-I9A47T8W,ISSUED,2025-12-17 12:51:48
173,93,363,TKT20260407-DRF9GJUX,ISSUED,2025-12-17 12:52:48
174,95,249,TKT20260407-CXZOAJCR,ISSUED,2024-07-26 10:01:46
175,96,6492,TKT20260407-NZHB4SZT,ISSUED,2025-12-14 11:00:01
176,96,6473,TKT20260407-LIL25N69,ISSUED,2025-12-14 11:07:01
177,96,6480,TKT20260407-ZU7XN1MI,ISSUED,2025-12-14 11:10:01
178,97,5896,TKT20260407-JBMJSJZ5,ISSUED,2024-05-11 03:04:09
179,98,5361,TKT20260407-3A0C4393,ISSUED,2025-06-02 02:59:04
180,98,5364,TKT20260407-KAR8RUTD,ISSUED,2025-06-02 02:58:04
181,98,5389,TKT20260407-G9Y79M5I,ISSUED,2025-06-02 03:09:04
182,98,5405,TKT20260407-ZGS5M8MJ,ISSUED,2025-06-02 03:04:04
183,99,3074,TKT20260407-F8V016DB,ISSUED,2024-10-21 15:18:55
184,99,3024,TKT20260407-PYIJ6M9Q,ISSUED,2024-10-21 15:26:55
185,99,3053,TKT20260407-UA34FA9J,ISSUED,2024-10-21 15:19:55
186,99,3036,TKT20260407-XQE7Y2UW,ISSUED,2024-10-21 15:16:55
187,100,6669,TKT20260407-KCOT1IQP,ISSUED,2024-06-05 20:23:00
188,101,949,TKT20260407-99ZWOLJX,ISSUED,2024-03-25 04:02:16
189,102,3350,TKT20260407-VY9FY25D,ISSUED,2024-01-07 00:22:43
190,102,3369,TKT20260407-I96FSYMS,ISSUED,2024-01-07 00:18:43
191,102,3328,TKT20260407-BJXJ2S0P,ISSUED,2024-01-07 00:28:43
192,102,3332,TKT20260407-4M843LDH,ISSUED,2024-01-07 00:24:43
193,104,435,TKT20260407-93TC2QSW,ISSUED,2024-05-22 07:02:38
194,104,440,TKT20260407-SALL3VYJ,ISSUED,2024-05-22 07:12:38
195,104,326,TKT20260407-PTNP9PCF,ISSUED,2024-05-22 07:09:38
196,105,701,TKT20260407-XMKLO9C5,ISSUED,2024-10-21 03:39:55
197,105,654,TKT20260407-C6TY7J9C,ISSUED,2024-10-21 03:34:55
198,106,305,TKT20260407-BUJG3100,ISSUED,2024-05-04 07:35:55
199,106,468,TKT20260407-IGFVRQNY,ISSUED,2024-05-04 07:41:55
200,107,4176,TKT20260407-W1SE7NNZ,ISSUED,2024-06-26 06:12:17
201,107,4150,TKT20260407-P9O3FKCP,ISSUED,2024-06-26 06:25:17
202,107,4289,TKT20260407-B262UOCH,ISSUED,2024-06-26 06:25:17
203,108,743,TKT20260407-U1RHWQ77,ISSUED,2024-03-14 10:52:47
204,108,765,TKT20260407-29URAKCT,ISSUED,2024-03-14 10:52:47
205,108,881,TKT20260407-BQ2P3WO0,ISSUED,2024-03-14 10:53:47
206,108,798,TKT20260407-UYOJGPFH,ISSUED,2024-03-14 10:57:47
207,110,5324,TKT20260407-3U670UVI,ISSUED,2025-06-03 01:09:45
208,110,5268,TKT20260407-XWGMKUMN,ISSUED,2025-06-03 01:16:45
209,110,5280,TKT20260407-61S2HLRV,ISSUED,2025-06-03 01:17:45
210,111,4216,TKT20260407-INTIYRFW,ISSUED,2025-07-14 01:15:59
211,112,231,TKT20260407-UL7X4S66,ISSUED,2024-04-07 01:51:12
212,113,1425,TKT20260407-BI7O6C8P,ISSUED,2024-10-23 23:37:18
213,113,1424,TKT20260407-QFAZD2BM,ISSUED,2024-10-23 23:30:18
214,113,1598,TKT20260407-IPN8BMUJ,ISSUED,2024-10-23 23:38:18
215,113,1486,TKT20260407-ROLCIWN4,ISSUED,2024-10-23 23:33:18
216,114,5726,TKT20260407-5YT11N2P,ISSUED,2024-07-23 11:42:22
217,114,5894,TKT20260407-G1ZM210V,ISSUED,2024-07-23 11:48:22
218,114,5873,TKT20260407-5LNYGCO2,ISSUED,2024-07-23 11:40:22
219,114,5879,TKT20260407-Z1K9D6NZ,ISSUED,2024-07-23 11:42:22
220,115,115,TKT20260407-LP1GK2FY,ISSUED,2024-02-21 15:30:16
221,117,6434,TKT20260407-VZJ0AUSW,ISSUED,2025-09-07 01:30:41
222,120,5874,TKT20260407-8FDCU7KY,ISSUED,2025-06-15 00:19:50
223,120,5784,TKT20260407-MPRYVPB5,ISSUED,2025-06-15 00:13:50
224,120,5736,TKT20260407-3AFGLY7Q,ISSUED,2025-06-15 00:15:50
225,123,4285,TKT20260407-0U83MLOI,ISSUED,2025-10-04 13:05:02
226,123,4208,TKT20260407-N26J8AJ7,ISSUED,2025-10-04 12:56:02
227,126,5341,TKT20260407-OEISP8OV,ISSUED,2025-02-07 19:00:02
228,126,5346,TKT20260407-JVSEBDOG,ISSUED,2025-02-07 18:54:02
229,126,5374,TKT20260407-5Z8PPSHL,ISSUED,2025-02-07 18:54:02
230,128,5344,TKT20260407-9GWBOV92,ISSUED,2024-06-06 00:55:58
231,128,5400,TKT20260407-2Q7QU1L5,ISSUED,2024-06-06 00:55:58
232,128,5339,TKT20260407-G9SFERG9,ISSUED,2024-06-06 01:03:58
233,130,2254,TKT20260407-EP29OAES,ISSUED,2025-09-11 19:13:06
234,130,2233,TKT20260407-CI002GEJ,ISSUED,2025-09-11 19:21:06
235,130,2272,TKT20260407-N6UXFRUO,ISSUED,2025-09-11 19:09:06
236,130,2251,TKT20260407-Y8K6NWNK,ISSUED,2025-09-11 19:11:06
237,131,5225,TKT20260407-6UJEMEIM,ISSUED,2025-03-20 21:54:34
238,131,5145,TKT20260407-JY3FRBS4,ISSUED,2025-03-20 21:49:34
239,131,5132,TKT20260407-M02ZE0TE,ISSUED,2025-03-20 21:52:34
240,132,689,TKT20260407-SANVFN4T,ISSUED,2024-08-23 08:20:42
241,132,704,TKT20260407-IUGDZGNT,ISSUED,2024-08-23 08:32:42
242,135,2522,TKT20260407-KMP3UWK4,ISSUED,2024-07-20 06:03:14
243,135,2503,TKT20260407-AFQDA0UI,ISSUED,2024-07-20 05:56:14
244,135,2492,TKT20260407-XF3A7KED,ISSUED,2024-07-20 05:55:14
245,135,2497,TKT20260407-ZR2Z1HMB,ISSUED,2024-07-20 05:52:14
246,136,3357,TKT20260407-3XWHPXGA,ISSUED,2025-02-20 09:22:44
247,137,5308,TKT20260407-L5F0AONF,ISSUED,2024-07-07 14:13:29
248,141,3174,TKT20260407-6JSKAIU9,ISSUED,2025-10-14 12:43:01
249,141,3165,TKT20260407-HYXKDMWD,ISSUED,2025-10-14 12:45:01
250,143,857,TKT20260407-BPOWMSZV,ISSUED,2024-06-23 04:42:38
251,146,5787,TKT20260407-MJF8AYHY,ISSUED,2025-01-31 00:43:48
252,146,5867,TKT20260407-A58JKKMQ,ISSUED,2025-01-31 00:48:48
253,146,5865,TKT20260407-B4SJ5JY0,ISSUED,2025-01-31 00:49:48
254,147,370,TKT20260407-GVWIV2ZC,ISSUED,2024-10-22 18:42:48
255,147,415,TKT20260407-XLPYGQ60,ISSUED,2024-10-22 18:46:48
256,149,2216,TKT20260407-FZLRRN41,ISSUED,2025-04-13 19:50:02
257,149,2235,TKT20260407-86LAH35Q,ISSUED,2025-04-13 19:49:02
258,149,2259,TKT20260407-6I6NWUCH,ISSUED,2025-04-13 19:50:02
259,149,2268,TKT20260407-96IQ6KHW,ISSUED,2025-04-13 19:52:02
260,151,2224,TKT20260407-Y9UXOW6T,ISSUED,2025-02-13 10:46:00
261,153,2244,TKT20260407-SLIGWXI0,ISSUED,2025-08-07 01:41:56
262,154,6276,TKT20260407-EPJCNQD3,ISSUED,2025-03-21 07:04:41
263,154,6308,TKT20260407-SE6VDCQJ,ISSUED,2025-03-21 07:05:41
264,154,6322,TKT20260407-OWV6FYA5,ISSUED,2025-03-21 07:03:41
265,154,6285,TKT20260407-O9EWUA06,ISSUED,2025-03-21 07:00:41
266,155,3330,TKT20260407-28KTXUFB,ISSUED,2025-02-11 22:18:29
267,156,5716,TKT20260407-JKACP8YO,ISSUED,2025-04-12 05:59:01
268,156,5715,TKT20260407-AGU2DHS9,ISSUED,2025-04-12 05:45:01
269,156,5685,TKT20260407-J5UJMDLI,ISSUED,2025-04-12 05:50:01
270,157,696,TKT20260407-QROW3Y54,ISSUED,2025-06-10 08:10:35
271,157,703,TKT20260407-A2VWRDT9,ISSUED,2025-06-10 08:17:35
272,157,680,TKT20260407-8L2V3L25,ISSUED,2025-06-10 08:12:35
273,158,1500,TKT20260407-DS3JM0KK,ISSUED,2025-08-13 12:38:56
274,159,5314,TKT20260407-JPHTNEQE,ISSUED,2025-03-31 19:54:37
275,159,5325,TKT20260407-3LBYGWJ3,ISSUED,2025-03-31 19:56:37
276,159,5323,TKT20260407-1REF92XL,ISSUED,2025-03-31 19:59:37
277,160,6237,TKT20260407-HCHDNMFI,ISSUED,2024-07-11 21:07:54
278,163,6612,TKT20260407-Q8QRTDF1,ISSUED,2025-04-26 23:13:09
279,163,6628,TKT20260407-USMUYJMH,ISSUED,2025-04-26 23:14:09
280,163,6595,TKT20260407-SPFU5F42,ISSUED,2025-04-26 23:21:09
281,164,5049,TKT20260407-NTH9TA7K,ISSUED,2024-01-13 08:17:01
282,165,6885,TKT20260407-43KO6285,ISSUED,2025-08-13 02:32:12
283,165,6856,TKT20260407-RFZQJVOY,ISSUED,2025-08-13 02:25:12
284,166,2717,TKT20260407-CRTYYN4Z,ISSUED,2025-05-22 07:20:25
285,166,2763,TKT20260407-CI0O2PWP,ISSUED,2025-05-22 07:25:25
286,167,5019,TKT20260407-SVLE68EF,ISSUED,2025-08-09 14:53:44
287,167,5045,TKT20260407-0QUV01FF,ISSUED,2025-08-09 14:55:44
288,167,5002,TKT20260407-M0GM0R9J,ISSUED,2025-08-09 14:55:44
289,167,5047,TKT20260407-BSAARXGE,ISSUED,2025-08-09 15:02:44
290,170,4120,TKT20260407-U8RE1U0Q,ISSUED,2024-04-07 07:58:11
291,170,4122,TKT20260407-M7KV3A68,ISSUED,2024-04-07 07:52:11
292,170,4207,TKT20260407-GKK2WFMF,ISSUED,2024-04-07 07:59:11
293,171,55,TKT20260407-1FUG15JW,ISSUED,2025-11-06 01:24:07
294,171,128,TKT20260407-SNIPJGEK,ISSUED,2025-11-06 01:28:07
295,171,7,TKT20260407-HUBCQOGW,ISSUED,2025-11-06 01:27:07
296,171,49,TKT20260407-NX7KNDOK,ISSUED,2025-11-06 01:30:07
297,172,6845,TKT20260407-9JZZI67G,ISSUED,2024-12-22 10:30:03
298,172,6844,TKT20260407-I3P2CDF3,ISSUED,2024-12-22 10:24:03
299,173,98,TKT20260407-PXIO1FTN,ISSUED,2024-04-18 12:36:41
300,173,109,TKT20260407-6XWD7MNN,ISSUED,2024-04-18 12:34:41
301,173,65,TKT20260407-MF53C9TD,ISSUED,2024-04-18 12:33:41
302,174,2210,TKT20260407-A7R1BXEQ,ISSUED,2025-10-21 02:47:01
303,174,2234,TKT20260407-MDOSK3V5,ISSUED,2025-10-21 02:41:01
304,175,4406,TKT20260407-FNBLB6AL,ISSUED,2025-08-05 13:38:46
305,175,4420,TKT20260407-788YZHZA,ISSUED,2025-08-05 13:39:46
306,175,4417,TKT20260407-1T5503CZ,ISSUED,2025-08-05 13:31:46
307,176,130,TKT20260407-OK8L5MWZ,ISSUED,2024-12-13 08:57:46
308,176,66,TKT20260407-0X62ML3M,ISSUED,2024-12-13 08:59:46
309,176,24,TKT20260407-T2E7RL3H,ISSUED,2024-12-13 08:58:46
310,176,26,TKT20260407-XDIMB6E4,ISSUED,2024-12-13 08:53:46
311,178,2560,TKT20260407-K2JDE29K,ISSUED,2024-02-26 06:41:34
312,178,2536,TKT20260407-UJ455SVU,ISSUED,2024-02-26 06:47:34
313,181,4188,TKT20260407-S42ZZWYE,ISSUED,2024-03-03 07:56:57
314,182,2643,TKT20260407-3X0DDBSQ,ISSUED,2024-01-04 12:18:19
315,182,2699,TKT20260407-RAT23PUZ,ISSUED,2024-01-04 12:24:19
316,182,2715,TKT20260407-6898KDFU,ISSUED,2024-01-04 12:25:19
317,184,5036,TKT20260407-RZCE94S4,ISSUED,2024-03-30 04:23:29
318,184,5014,TKT20260407-MNVCW8EY,ISSUED,2024-03-30 04:24:29
319,184,5001,TKT20260407-15PTIDS0,ISSUED,2024-03-30 04:28:29
320,184,5018,TKT20260407-3JBHBBBT,ISSUED,2024-03-30 04:22:29
321,185,235,TKT20260407-QULCTT9X,ISSUED,2025-05-14 10:14:22
322,185,296,TKT20260407-ESAC6ETO,ISSUED,2025-05-14 10:10:22
323,185,199,TKT20260407-L5CGDPMA,ISSUED,2025-05-14 10:15:22
324,186,4952,TKT20260407-0CFBWKGJ,ISSUED,2024-05-29 00:48:12
325,187,54,TKT20260407-IENNVSRY,ISSUED,2024-05-14 19:41:31
326,188,5837,TKT20260407-4CMT7VY6,ISSUED,2024-02-20 04:46:57
327,188,5890,TKT20260407-P5KNODZ6,ISSUED,2024-02-20 04:41:57
328,188,5819,TKT20260407-AGEVY452,ISSUED,2024-02-20 04:45:57
329,189,688,TKT20260407-EQJBMG7S,ISSUED,2024-08-15 18:52:57
330,189,664,TKT20260407-RO1MXDFE,ISSUED,2024-08-15 18:48:57
331,189,711,TKT20260407-S9OUAEDC,ISSUED,2024-08-15 18:48:57
332,191,218,TKT20260407-T7DKK28U,ISSUED,2025-09-22 12:49:06
333,192,6619,TKT20260407-UO6NPV40,ISSUED,2025-07-31 06:11:56
334,192,6608,TKT20260407-CJ0G5PZM,ISSUED,2025-07-31 06:04:56
335,192,6600,TKT20260407-1PMG6CB0,ISSUED,2025-07-31 06:01:56
336,192,6675,TKT20260407-PG9SNAPV,ISSUED,2025-07-31 06:14:56
337,193,5243,TKT20260407-F02JH2R7,ISSUED,2024-02-13 12:12:36
338,195,5667,TKT20260407-7KA6517H,ISSUED,2024-10-07 08:52:27
339,196,3144,TKT20260407-DMQMSR0R,ISSUED,2024-08-14 02:32:29
340,196,3140,TKT20260407-Q43DFYV3,ISSUED,2024-08-14 02:38:29
341,196,3162,TKT20260407-ALLH8B3U,ISSUED,2024-08-14 02:26:29
342,197,2267,TKT20260407-E94BC0M6,ISSUED,2024-06-12 01:40:03
343,197,2246,TKT20260407-6YXEHYCN,ISSUED,2024-06-12 01:40:03
344,197,2262,TKT20260407-XTQAR9TQ,ISSUED,2024-06-12 01:36:03
345,197,2277,TKT20260407-W44YHVKT,ISSUED,2024-06-12 01:46:03
346,201,961,TKT20260407-SORTWZ6Z,ISSUED,2024-11-24 09:20:22
347,202,709,TKT20260407-2BI789NK,ISSUED,2024-05-10 17:04:49
348,202,712,TKT20260407-H53FEVR6,ISSUED,2024-05-10 16:53:49
349,203,708,TKT20260407-PYMOV4G5,ISSUED,2025-04-18 07:17:03
350,203,676,TKT20260407-NEYU5ZH7,ISSUED,2025-04-18 07:10:03
351,203,655,TKT20260407-8FEV4Y8Y,ISSUED,2025-04-18 07:11:03
352,203,674,TKT20260407-Z6N8NNQG,ISSUED,2025-04-18 07:12:03
353,206,6857,TKT20260407-CAL8SRQA,ISSUED,2025-04-08 15:30:39
354,207,2291,TKT20260407-5KN7W5LM,ISSUED,2024-12-27 18:36:42
355,208,3101,TKT20260407-8RBRACMS,ISSUED,2024-09-13 17:58:54
356,208,3087,TKT20260407-OZNZMC8B,ISSUED,2024-09-13 17:50:54
357,208,3156,TKT20260407-9VKD969C,ISSUED,2024-09-13 17:58:54
358,209,4447,TKT20260407-PVE4KL9Y,ISSUED,2024-09-11 12:28:02
359,209,4437,TKT20260407-2KNTXEPG,ISSUED,2024-09-11 12:27:02
360,209,4457,TKT20260407-3PEY945I,ISSUED,2024-09-11 12:22:02
361,210,3133,TKT20260407-XQ9ZH66L,ISSUED,2025-09-30 15:23:35
362,210,3171,TKT20260407-D5QPHU3K,ISSUED,2025-09-30 15:26:35
363,212,1940,TKT20260407-TM3P908Q,ISSUED,2025-05-18 08:55:36
364,212,1953,TKT20260407-IZYL0ONS,ISSUED,2025-05-18 08:41:36
365,214,5328,TKT20260407-JIM6F44U,ISSUED,2024-08-14 04:34:01
366,215,2670,TKT20260407-SNMV7VVD,ISSUED,2025-09-16 01:45:27
367,216,4301,TKT20260407-MY00NR31,ISSUED,2025-10-31 15:07:35
368,216,4364,TKT20260407-MNA1IA20,ISSUED,2025-10-31 15:01:35
369,219,1909,TKT20260407-FZMLSHXF,ISSUED,2024-11-18 03:04:00
370,219,1928,TKT20260407-PYFMZLWC,ISSUED,2024-11-18 03:05:00
371,219,1962,TKT20260407-P8PWNKE9,ISSUED,2024-11-18 02:59:00
372,219,1941,TKT20260407-PC125IHD,ISSUED,2024-11-18 03:07:00
373,220,5675,TKT20260407-0ICHIB0Y,ISSUED,2024-01-08 21:22:52
374,220,5704,TKT20260407-33SMY4DA,ISSUED,2024-01-08 21:20:52
375,220,5688,TKT20260407-9ARPIMF0,ISSUED,2024-01-08 21:15:52
376,221,4337,TKT20260407-3B4LO9KV,ISSUED,2024-08-28 03:57:37
377,221,4312,TKT20260407-1ZDU5NOJ,ISSUED,2024-08-28 04:08:37
378,222,4335,TKT20260407-ML3QFNCG,ISSUED,2024-07-23 16:11:46
379,223,2225,TKT20260407-J34NZKH3,ISSUED,2025-09-06 07:49:52
380,223,2288,TKT20260407-YR5NLJQS,ISSUED,2025-09-06 07:45:52
381,224,3018,TKT20260407-4HAD9FBU,ISSUED,2025-07-14 10:14:55
382,226,5991,TKT20260407-ROVTPVBC,ISSUED,2025-01-14 08:55:08
383,226,5910,TKT20260407-13WAOB8O,ISSUED,2025-01-14 08:58:08
384,226,5965,TKT20260407-Z7MQBHHI,ISSUED,2025-01-14 08:55:08
385,226,5948,TKT20260407-RU62SWRR,ISSUED,2025-01-14 08:52:08
386,227,5101,TKT20260407-PX32HH1I,ISSUED,2025-02-21 14:37:18
387,227,5186,TKT20260407-519ZGX30,ISSUED,2025-02-21 14:35:18
388,227,5089,TKT20260407-XUQXYHA4,ISSUED,2025-02-21 14:32:18
389,227,5170,TKT20260407-NKL4MRIY,ISSUED,2025-02-21 14:32:18
390,229,277,TKT20260407-EQ91DKOQ,ISSUED,2025-01-15 20:32:14
391,229,217,TKT20260407-VCV3V9QN,ISSUED,2025-01-15 20:24:14
392,229,234,TKT20260407-BLJJ3KUA,ISSUED,2025-01-15 20:24:14
393,230,2773,TKT20260407-3ZGESVG6,ISSUED,2025-10-06 20:02:01
394,230,2777,TKT20260407-WZ2R7HXZ,ISSUED,2025-10-06 20:02:01
395,230,2720,TKT20260407-TF7YHE9K,ISSUED,2025-10-06 20:06:01
396,233,4225,TKT20260407-RHTWRZ3K,ISSUED,2025-03-17 11:31:27
397,233,4147,TKT20260407-IR1XCKW3,ISSUED,2025-03-17 11:39:27
398,233,4255,TKT20260407-1U9U4494,ISSUED,2025-03-17 11:38:27
399,233,4192,TKT20260407-3R81T7A3,ISSUED,2025-03-17 11:30:27
400,235,697,TKT20260407-GG71VDHZ,ISSUED,2025-04-01 18:25:49
401,236,6542,TKT20260407-Z5PXETD3,ISSUED,2025-02-11 13:34:42
402,236,6503,TKT20260407-9ECIUHQU,ISSUED,2025-02-11 13:30:42
403,236,6497,TKT20260407-CYP86Z4Q,ISSUED,2025-02-11 13:23:42
404,236,6510,TKT20260407-K9LU2JGI,ISSUED,2025-02-11 13:30:42
405,237,2019,TKT20260407-ZZZ6X3EA,ISSUED,2025-04-25 21:08:06
406,237,2031,TKT20260407-LUD1MZX7,ISSUED,2025-04-25 21:15:06
407,237,2014,TKT20260407-95LONL4Q,ISSUED,2025-04-25 21:05:06
408,237,2085,TKT20260407-8UNY56P6,ISSUED,2025-04-25 21:05:06
409,238,6489,TKT20260407-EFEZU2DN,ISSUED,2025-09-17 06:16:49
410,238,6483,TKT20260407-A0JFCCCI,ISSUED,2025-09-17 06:18:49
411,238,6482,TKT20260407-2WTYKF6V,ISSUED,2025-09-17 06:25:49
412,238,6495,TKT20260407-D4YUMUZW,ISSUED,2025-09-17 06:19:49
413,239,6882,TKT20260407-5XGH7CDW,ISSUED,2025-07-27 06:21:40
414,239,6841,TKT20260407-53NZCFJ4,ISSUED,2025-07-27 06:24:40
415,239,6884,TKT20260407-U3QUMDWD,ISSUED,2025-07-27 06:34:40
416,239,6864,TKT20260407-TBK4UG87,ISSUED,2025-07-27 06:22:40
417,240,1961,TKT20260407-WXD1NZO4,ISSUED,2024-01-08 22:58:28
418,240,1918,TKT20260407-NPJ3FL8X,ISSUED,2024-01-08 22:50:28
419,241,6409,TKT20260407-55IMZ5JD,ISSUED,2025-01-02 06:53:06
420,242,5296,TKT20260407-ZDAKL4O3,ISSUED,2024-10-27 18:41:03
421,242,5299,TKT20260407-ZKJJ7FZD,ISSUED,2024-10-27 18:47:03
422,242,5282,TKT20260407-3N1FBHAV,ISSUED,2024-10-27 18:55:03
423,242,5286,TKT20260407-EE8DMMJZ,ISSUED,2024-10-27 18:41:03
424,245,6739,TKT20260407-HV842OIC,ISSUED,2025-01-14 05:10:00
425,246,1453,TKT20260407-VNDUT3UR,ISSUED,2024-08-25 08:58:22
426,246,1550,TKT20260407-R3SW0P0I,ISSUED,2024-08-25 08:57:22
427,246,1564,TKT20260407-5F16HMWX,ISSUED,2024-08-25 09:01:22
428,246,1559,TKT20260407-Z6SGVD85,ISSUED,2024-08-25 09:02:22
429,247,4040,TKT20260407-3KYAPKP0,ISSUED,2024-04-01 01:53:10
430,247,4097,TKT20260407-REDUQEK3,ISSUED,2024-04-01 01:58:10
431,247,4071,TKT20260407-HSLXYZJL,ISSUED,2024-04-01 01:55:10
432,248,5207,TKT20260407-MMSMOAZ2,ISSUED,2024-06-27 14:00:19
433,248,5167,TKT20260407-J48RTE0C,ISSUED,2024-06-27 13:58:19
434,250,1956,TKT20260407-K1AMQP1Q,ISSUED,2024-12-13 12:48:58
435,251,6748,TKT20260407-4LRDS36S,ISSUED,2025-08-26 07:19:49
436,251,6747,TKT20260407-TYXD5EKR,ISSUED,2025-08-26 07:22:49
437,252,6518,TKT20260407-40PV76RA,ISSUED,2024-06-13 08:48:14
438,252,6529,TKT20260407-ZFXT2VJ0,ISSUED,2024-06-13 08:38:14
439,252,6545,TKT20260407-U51WGMPG,ISSUED,2024-06-13 08:45:14
440,252,6531,TKT20260407-2MM1FDPY,ISSUED,2024-06-13 08:42:14
441,253,6886,TKT20260407-JAQ2BI24,ISSUED,2024-04-06 20:56:35
442,253,6834,TKT20260407-2604DKIP,ISSUED,2024-04-06 20:46:35
443,253,6840,TKT20260407-JWKBCABS,ISSUED,2024-04-06 20:55:35
444,253,6817,TKT20260407-1F04SI3I,ISSUED,2024-04-06 20:47:35
445,254,5396,TKT20260407-K4YR93ZP,ISSUED,2024-01-22 21:52:40
446,255,43,TKT20260407-8YPYA36R,ISSUED,2024-11-03 10:17:49
447,255,21,TKT20260407-KIZD79HV,ISSUED,2024-11-03 10:17:49
448,257,4092,TKT20260407-BWVJ5LER,ISSUED,2024-04-18 22:14:43
449,257,4031,TKT20260407-QUGM93EG,ISSUED,2024-04-18 22:06:43
450,257,4107,TKT20260407-92ZJ7KKH,ISSUED,2024-04-18 22:16:43
451,257,4059,TKT20260407-U1K166M8,ISSUED,2024-04-18 22:13:43
452,259,6848,TKT20260407-FZTNMGZ5,ISSUED,2024-04-26 11:41:50
453,259,6871,TKT20260407-OEGC78U9,ISSUED,2024-04-26 11:35:50
454,259,6826,TKT20260407-5K1AXWMJ,ISSUED,2024-04-26 11:45:50
455,260,6652,TKT20260407-F290ZEHA,ISSUED,2024-07-07 14:38:12
456,260,6575,TKT20260407-BZ4XLERC,ISSUED,2024-07-07 14:38:12
457,260,6649,TKT20260407-CTC0MPEW,ISSUED,2024-07-07 14:43:12
458,260,6636,TKT20260407-00RPBSVY,ISSUED,2024-07-07 14:34:12
459,261,6744,TKT20260407-A7SXK1WR,ISSUED,2024-02-08 20:26:40
460,262,4407,TKT20260407-V9TUNI4P,ISSUED,2024-12-25 04:05:51
461,262,4431,TKT20260407-1N3YU72N,ISSUED,2024-12-25 04:05:51
462,263,2312,TKT20260407-N5MH6Z2D,ISSUED,2024-09-21 04:57:29
463,263,2321,TKT20260407-RF51CB20,ISSUED,2024-09-21 05:08:29
464,264,4985,TKT20260407-VBT3K07N,ISSUED,2025-03-06 22:25:24
465,265,1076,TKT20260407-WRJIAV1E,ISSUED,2024-05-23 16:36:09
466,265,1036,TKT20260407-KOO40940,ISSUED,2024-05-23 16:38:09
467,265,1118,TKT20260407-D04SZ513,ISSUED,2024-05-23 16:34:09
468,265,1028,TKT20260407-FO4KYIH0,ISSUED,2024-05-23 16:31:09
469,268,1344,TKT20260407-NDGWSULB,ISSUED,2025-07-30 05:50:50
470,268,1411,TKT20260407-MR71OI0N,ISSUED,2025-07-30 05:37:50
471,268,1371,TKT20260407-3L8O8SC4,ISSUED,2025-07-30 05:45:50
472,269,5937,TKT20260407-099JX3UB,ISSUED,2024-03-05 15:44:44
473,269,5977,TKT20260407-DOY58JDH,ISSUED,2024-03-05 15:49:44
474,269,5923,TKT20260407-5B3QXE05,ISSUED,2024-03-05 15:42:44
475,269,5951,TKT20260407-BU23W1FA,ISSUED,2024-03-05 15:47:44
476,270,1573,TKT20260407-A6KBLTO4,ISSUED,2025-12-01 22:33:31
477,270,1530,TKT20260407-HNLJE696,ISSUED,2025-12-01 22:31:31
478,271,4030,TKT20260407-55ASXT5T,ISSUED,2024-08-10 12:28:11
479,271,4103,TKT20260407-HZPHDP4R,ISSUED,2024-08-10 12:35:11
480,271,4020,TKT20260407-RDGXHJGT,ISSUED,2024-08-10 12:25:11
481,273,345,TKT20260407-LJHG2T38,ISSUED,2025-09-05 08:06:41
482,273,445,TKT20260407-FP3NO1XD,ISSUED,2025-09-05 08:18:41
483,273,381,TKT20260407-UETPEY92,ISSUED,2025-09-05 08:04:41
484,275,4111,TKT20260407-9YP9IB3I,ISSUED,2024-06-18 07:22:45
485,276,4082,TKT20260407-BQB0JF91,ISSUED,2025-02-25 01:54:51
486,276,4105,TKT20260407-GUMPHR3D,ISSUED,2025-02-25 01:52:51
487,276,4027,TKT20260407-MOJISX91,ISSUED,2025-02-25 01:45:51
488,277,4327,TKT20260407-HIT5P8FG,ISSUED,2025-06-05 15:50:26
489,277,4294,TKT20260407-H1T2399N,ISSUED,2025-06-05 16:00:26
490,277,4396,TKT20260407-WOOFS3YY,ISSUED,2025-06-05 15:58:26
491,277,4299,TKT20260407-DSXZNVOQ,ISSUED,2025-06-05 15:51:26
492,278,5409,TKT20260407-NYB7Z9N4,ISSUED,2025-06-05 13:03:06
493,278,5391,TKT20260407-YZ0L9PD2,ISSUED,2025-06-05 12:59:06
494,279,1952,TKT20260407-9U5L9MWW,ISSUED,2024-07-09 09:34:51
495,280,3324,TKT20260407-X0251YWI,ISSUED,2024-05-25 14:10:15
496,280,3349,TKT20260407-Y66ZMX3S,ISSUED,2024-05-25 14:09:15
497,281,651,TKT20260407-CKIBZ11K,ISSUED,2024-03-01 19:01:49
498,281,663,TKT20260407-V07VK8XG,ISSUED,2024-03-01 18:58:49
499,281,700,TKT20260407-GPSX3XFK,ISSUED,2024-03-01 18:59:49
500,281,683,TKT20260407-QAT0KKHM,ISSUED,2024-03-01 19:00:49
501,282,4377,TKT20260407-7FFXUZDP,ISSUED,2024-03-06 03:31:02
502,284,106,TKT20260407-64IAW8K2,ISSUED,2024-11-21 01:21:47
503,284,51,TKT20260407-2XOC6Y08,ISSUED,2024-11-21 01:29:47
504,284,45,TKT20260407-5YC5EHQ2,ISSUED,2024-11-21 01:30:47
505,284,95,TKT20260407-SHX27DRO,ISSUED,2024-11-21 01:28:47
506,285,1907,TKT20260407-MO6ZM61J,ISSUED,2024-02-15 13:21:16
507,285,1936,TKT20260407-2R1A6Y36,ISSUED,2024-02-15 13:19:16
508,285,1903,TKT20260407-GWZ1VAQV,ISSUED,2024-02-15 13:18:16
509,286,6683,TKT20260407-DDJ9JVIT,ISSUED,2025-07-22 07:15:23
510,287,6513,TKT20260407-3DPHFDMI,ISSUED,2024-02-06 01:07:46
511,287,6532,TKT20260407-E9D0K45K,ISSUED,2024-02-06 01:01:46
512,288,6490,TKT20260407-BLUX1OW9,ISSUED,2024-04-03 14:54:50
513,289,1456,TKT20260407-REUX14M7,ISSUED,2025-08-24 10:09:50
514,289,1555,TKT20260407-AINMVIDG,ISSUED,2025-08-24 10:08:50
515,290,18,TKT20260407-VCK0I8B4,ISSUED,2024-12-14 13:07:10
516,291,4314,TKT20260407-J22TJWMC,ISSUED,2025-12-01 03:06:59
517,292,4734,TKT20260407-ZGIU2KCA,ISSUED,2025-04-06 12:20:49
518,292,4613,TKT20260407-AM9342V0,ISSUED,2025-04-06 12:11:49
519,292,4606,TKT20260407-HRO3XRN9,ISSUED,2025-04-06 12:15:49
520,292,4673,TKT20260407-AAX6O1EZ,ISSUED,2025-04-06 12:18:49
521,293,5897,TKT20260407-LQDE4HJ4,ISSUED,2025-06-28 18:48:35
522,293,5785,TKT20260407-52OBJEME,ISSUED,2025-06-28 18:48:35
523,294,5008,TKT20260407-85Z9QM6K,ISSUED,2024-09-23 23:02:56
524,294,5044,TKT20260407-FWGPB7GX,ISSUED,2024-09-23 23:15:56
525,295,4481,TKT20260407-PCD7KY35,ISSUED,2025-11-10 15:39:46
526,295,4503,TKT20260407-RKKKFLQK,ISSUED,2025-11-10 15:38:46
527,295,4496,TKT20260407-UCHC9T5N,ISSUED,2025-11-10 15:33:46
528,298,4371,TKT20260407-ZAQQ3SR5,ISSUED,2024-10-02 03:32:52
529,299,2212,TKT20260407-YB4V08SG,ISSUED,2024-11-28 18:56:31
530,299,2260,TKT20260407-WG4LKGRV,ISSUED,2024-11-28 18:45:31
531,301,5371,TKT20260407-MVOH1E06,ISSUED,2024-04-02 12:32:15
532,301,5370,TKT20260407-23QNWBMT,ISSUED,2024-04-02 12:30:15
533,301,5349,TKT20260407-RN88COAW,ISSUED,2024-04-02 12:27:15
534,301,5365,TKT20260407-KTJJYC32,ISSUED,2024-04-02 12:26:15
535,303,4382,TKT20260407-D26Q2BOT,ISSUED,2024-11-17 01:10:54
536,303,4357,TKT20260407-O833AMM9,ISSUED,2024-11-17 00:59:54
537,304,6824,TKT20260407-K3YGYSVY,ISSUED,2025-03-12 07:38:24
538,305,4982,TKT20260407-CQGFKP4J,ISSUED,2024-09-05 21:03:45
539,305,4942,TKT20260407-ADP14NER,ISSUED,2024-09-05 21:13:45
540,305,4943,TKT20260407-EFOQKTAL,ISSUED,2024-09-05 21:08:45
541,306,1503,TKT20260407-T6WRBAJ0,ISSUED,2025-01-29 00:40:55
542,306,1429,TKT20260407-RGHRFDIL,ISSUED,2025-01-29 00:39:55
543,306,1582,TKT20260407-NRM32C8L,ISSUED,2025-01-29 00:31:55
544,307,4988,TKT20260407-WQ60UCFW,ISSUED,2025-02-18 12:39:04
545,307,4975,TKT20260407-U5NMEJ0Y,ISSUED,2025-02-18 12:46:04
546,307,4970,TKT20260407-QDTM8ZFB,ISSUED,2025-02-18 12:45:04
547,308,939,TKT20260407-UN4HTTZR,ISSUED,2025-12-06 21:19:11
548,308,968,TKT20260407-LS7JEUW9,ISSUED,2025-12-06 21:12:11
549,308,925,TKT20260407-MMIPX8FR,ISSUED,2025-12-06 21:08:11
550,312,2226,TKT20260407-JD5BT8NI,ISSUED,2024-07-03 12:35:15
551,315,1400,TKT20260407-H5I0B1IB,ISSUED,2025-12-06 15:55:04
552,315,1398,TKT20260407-BBVOGA0A,ISSUED,2025-12-06 15:46:04
553,315,1404,TKT20260407-R7P7VLEA,ISSUED,2025-12-06 15:45:04
554,315,1356,TKT20260407-8P5TAFYB,ISSUED,2025-12-06 15:47:04
555,317,6422,TKT20260407-ACMLDH94,ISSUED,2024-07-07 07:38:47
556,318,4961,TKT20260407-0Y2Q4HD2,ISSUED,2024-12-09 20:14:15
557,318,4972,TKT20260407-6EY3L5YM,ISSUED,2024-12-09 20:05:15
558,319,5356,TKT20260407-J7C1GF7M,ISSUED,2024-02-02 21:16:21
559,319,5399,TKT20260407-CWF2ZGCZ,ISSUED,2024-02-02 21:13:21
560,320,4359,TKT20260407-PT7CB5JL,ISSUED,2024-05-13 15:49:08
561,320,4347,TKT20260407-3XV6DDEL,ISSUED,2024-05-13 15:54:08
562,322,4403,TKT20260407-2QGW0HRE,ISSUED,2024-02-18 01:37:37
563,322,4459,TKT20260407-0P4H4NZG,ISSUED,2024-02-18 01:43:37
564,322,4421,TKT20260407-NVPONODB,ISSUED,2024-02-18 01:40:37
565,323,1393,TKT20260407-10SDJR5S,ISSUED,2024-11-08 10:05:31
566,323,1379,TKT20260407-IVMVJ9ZR,ISSUED,2024-11-08 10:05:31
567,325,97,TKT20260407-X3IDEUCG,ISSUED,2025-02-06 04:04:35
568,325,144,TKT20260407-ST8KVL7W,ISSUED,2025-02-06 03:56:35
569,325,3,TKT20260407-P8LWJ7SL,ISSUED,2025-02-06 04:02:35
570,325,56,TKT20260407-M3H7I820,ISSUED,2025-02-06 04:06:35
571,326,2057,TKT20260407-YAYQOFY7,ISSUED,2025-04-21 23:59:19
572,327,4043,TKT20260407-SFNCAQL7,ISSUED,2024-11-03 07:59:31
573,328,1073,TKT20260407-F7O6DZ2T,ISSUED,2025-12-13 09:32:00
574,328,1059,TKT20260407-82TLNCL5,ISSUED,2025-12-13 09:29:00
575,329,4616,TKT20260407-VIO17U1S,ISSUED,2025-04-18 01:35:09
576,329,4623,TKT20260407-HZCCQY87,ISSUED,2025-04-18 01:24:09
577,330,5988,TKT20260407-JIXZ9UVV,ISSUED,2024-09-15 00:00:12
578,330,5978,TKT20260407-P9MEFID3,ISSUED,2024-09-15 00:09:12
579,330,5976,TKT20260407-EV28Y6O5,ISSUED,2024-09-15 00:10:12
580,330,5919,TKT20260407-CR4A7GHX,ISSUED,2024-09-15 00:07:12
581,331,5406,TKT20260407-A00ERACT,ISSUED,2025-06-13 03:19:18
582,331,5369,TKT20260407-6D0IRUP3,ISSUED,2025-06-13 03:21:18
583,331,5345,TKT20260407-XNF11DTH,ISSUED,2025-06-13 03:23:18
584,332,919,TKT20260407-BS41KI6G,ISSUED,2025-02-01 01:35:23
585,332,982,TKT20260407-SE9U88F7,ISSUED,2025-02-01 01:34:23
586,332,984,TKT20260407-94PRGZSH,ISSUED,2025-02-01 01:32:23
587,334,3360,TKT20260407-9J4CHO0V,ISSUED,2024-12-02 06:47:31
588,334,3337,TKT20260407-HKXQ2ONR,ISSUED,2024-12-02 06:49:31
589,334,3364,TKT20260407-I3QPIM2L,ISSUED,2024-12-02 06:45:31
590,336,3176,TKT20260407-CHO4KA6O,ISSUED,2024-07-01 19:48:04
591,337,5318,TKT20260407-HMW7V1PW,ISSUED,2025-10-06 02:15:02
592,337,5274,TKT20260407-V082MRQ6,ISSUED,2025-10-06 02:16:02
593,337,5311,TKT20260407-I62FCR7I,ISSUED,2025-10-06 02:18:02
594,338,1951,TKT20260407-HRP5RGIG,ISSUED,2024-09-14 06:41:00
595,339,2073,TKT20260407-RGZXBL30,ISSUED,2024-12-19 00:16:00
596,339,2080,TKT20260407-Q4RT0AV3,ISSUED,2024-12-19 00:11:00
597,339,1966,TKT20260407-DMJMVW7P,ISSUED,2024-12-19 00:18:00
598,339,2062,TKT20260407-XKXYNY7J,ISSUED,2024-12-19 00:07:00
599,340,6878,TKT20260407-7CD2RFLJ,ISSUED,2024-06-24 02:20:39
600,342,1339,TKT20260407-F8F2CW9K,ISSUED,2025-04-25 16:11:14
601,342,1334,TKT20260407-UA5UT6DZ,ISSUED,2025-04-25 16:12:14
602,342,1336,TKT20260407-I3VSQ6N3,ISSUED,2025-04-25 16:11:14
603,343,1524,TKT20260407-KHNJZL5V,ISSUED,2024-12-25 16:35:44
604,343,1477,TKT20260407-6XPPG0KS,ISSUED,2024-12-25 16:36:44
605,343,1517,TKT20260407-67NR9UCT,ISSUED,2024-12-25 16:41:44
606,344,2308,TKT20260407-LQSMWG4W,ISSUED,2024-12-19 03:19:45
607,346,4640,TKT20260407-EDL8W8DS,ISSUED,2024-12-22 02:36:07
608,347,5926,TKT20260407-2NQM4C6K,ISSUED,2025-05-02 20:31:14
609,348,6732,TKT20260407-IRB3SXOX,ISSUED,2025-07-10 07:01:29
610,348,6749,TKT20260407-6ILNVEHX,ISSUED,2025-07-10 06:58:29
611,348,6718,TKT20260407-OD088AKR,ISSUED,2025-07-10 07:00:29
612,349,5861,TKT20260407-QWL82NAM,ISSUED,2025-02-23 10:53:52
613,352,2253,TKT20260407-3UV9NL4Q,ISSUED,2024-07-22 03:54:09
614,352,2218,TKT20260407-V3INE6GO,ISSUED,2024-07-22 03:54:09
615,352,2230,TKT20260407-JJXCV2GS,ISSUED,2024-07-22 03:55:09
616,352,2274,TKT20260407-QU37NJZ8,ISSUED,2024-07-22 04:00:09
617,353,2047,TKT20260407-8D3PF3HW,ISSUED,2024-10-11 03:21:47
618,353,2017,TKT20260407-JORW0MKW,ISSUED,2024-10-11 03:32:47
619,354,4110,TKT20260407-FEA3I7DB,ISSUED,2025-02-20 03:17:38
620,354,4251,TKT20260407-M8498K7U,ISSUED,2025-02-20 03:10:38
621,354,4202,TKT20260407-8VQ11YEC,ISSUED,2025-02-20 03:20:38
622,357,1062,TKT20260407-KGA2TQ5Y,ISSUED,2024-09-09 15:55:25
623,357,1100,TKT20260407-B6UV18SJ,ISSUED,2024-09-09 15:51:25
624,357,1048,TKT20260407-V1HLGH39,ISSUED,2024-09-09 16:01:25
625,358,2481,TKT20260407-RBS94GIM,ISSUED,2024-11-05 14:44:25
626,359,3353,TKT20260407-P6NDT2QH,ISSUED,2025-03-05 22:00:39
627,359,3388,TKT20260407-228D4666,ISSUED,2025-03-05 22:09:39
628,359,3323,TKT20260407-CJCL170C,ISSUED,2025-03-05 22:06:39
629,359,3334,TKT20260407-5O3PABE9,ISSUED,2025-03-05 22:02:39
630,361,1990,TKT20260407-49EVSOG2,ISSUED,2025-10-05 14:02:00
631,361,2029,TKT20260407-RU2V2L2U,ISSUED,2025-10-05 14:12:00
632,361,2075,TKT20260407-YPZJ7WPL,ISSUED,2025-10-05 14:09:00
633,361,2008,TKT20260407-FFAQIS1X,ISSUED,2025-10-05 14:16:00
634,362,5293,TKT20260407-C66MRM93,ISSUED,2024-08-06 11:47:28
635,362,5265,TKT20260407-LVASF9D2,ISSUED,2024-08-06 11:47:28
636,362,5298,TKT20260407-DH23L1UV,ISSUED,2024-08-06 11:45:28
637,363,5005,TKT20260407-4N9N9511,ISSUED,2024-03-10 06:43:04
638,363,5027,TKT20260407-DZI662E3,ISSUED,2024-03-10 06:45:04
639,368,4601,TKT20260407-XDTV6CIP,ISSUED,2025-10-07 05:52:17
640,368,4602,TKT20260407-KQK64I70,ISSUED,2025-10-07 05:48:17
641,368,4670,TKT20260407-4ZSFFWDS,ISSUED,2025-10-07 05:49:17
642,369,6310,TKT20260407-7XWZHVWK,ISSUED,2025-03-21 11:50:47
643,369,6205,TKT20260407-UMPH7SCI,ISSUED,2025-03-21 11:50:47
644,369,6207,TKT20260407-7THO4C3A,ISSUED,2025-03-21 12:04:47
645,370,1904,TKT20260407-LFMO67HD,ISSUED,2025-03-04 21:59:33
646,370,1957,TKT20260407-W0N8UKIU,ISSUED,2025-03-04 22:05:33
647,370,1938,TKT20260407-EN6TRAP0,ISSUED,2025-03-04 22:02:33
648,371,2712,TKT20260407-Q8NDX3T6,ISSUED,2024-03-01 19:26:57
649,371,2651,TKT20260407-93MZQHR4,ISSUED,2024-03-01 19:36:57
650,371,2705,TKT20260407-8FRPZT18,ISSUED,2024-03-01 19:32:57
651,371,2745,TKT20260407-AN9GU7K9,ISSUED,2024-03-01 19:31:57
652,372,4170,TKT20260407-L5CFWL6O,ISSUED,2025-02-14 18:14:51
653,372,4143,TKT20260407-OUAK0QHS,ISSUED,2025-02-14 18:21:51
654,372,4287,TKT20260407-7R0VVTKW,ISSUED,2025-02-14 18:21:51
655,373,4317,TKT20260407-PVWM5DIF,ISSUED,2024-09-13 22:18:21
656,373,4323,TKT20260407-K80OEOYE,ISSUED,2024-09-13 22:25:21
657,373,4297,TKT20260407-KRA2MD3S,ISSUED,2024-09-13 22:20:21
658,374,324,TKT20260407-1TDSFKEY,ISSUED,2025-10-25 21:29:45
659,374,388,TKT20260407-EKEWX66A,ISSUED,2025-10-25 21:30:45
660,374,454,TKT20260407-D5E5EL0E,ISSUED,2025-10-25 21:27:45
661,376,4224,TKT20260407-3DD8JJJW,ISSUED,2025-12-12 07:56:40
662,376,4180,TKT20260407-6MRAJGIO,ISSUED,2025-12-12 07:59:40
663,379,6400,TKT20260407-GNC62LRN,ISSUED,2025-01-15 05:52:24
664,381,6297,TKT20260407-9O0NHN3N,ISSUED,2025-01-25 09:21:54
665,382,4096,TKT20260407-84YDM9A4,ISSUED,2024-10-10 04:53:27
666,383,5042,TKT20260407-227EMDSL,ISSUED,2025-01-12 16:25:47
667,384,216,TKT20260407-YGHHB6A5,ISSUED,2025-12-01 02:18:17
668,384,209,TKT20260407-S9C7WLPE,ISSUED,2025-12-01 02:19:17
669,386,5788,TKT20260407-L7WUKWPQ,ISSUED,2024-06-30 00:50:13
670,386,5757,TKT20260407-TSJLYDXD,ISSUED,2024-06-30 00:50:13
671,388,6561,TKT20260407-L9CVKGEP,ISSUED,2024-04-04 16:21:00
672,389,1563,TKT20260407-WGPCM1HR,ISSUED,2025-07-12 14:10:37
673,390,3063,TKT20260407-IINDP9ZQ,ISSUED,2024-09-07 17:55:52
674,390,3060,TKT20260407-SO79FP02,ISSUED,2024-09-07 17:53:52
675,391,951,TKT20260407-LVUGJN35,ISSUED,2024-07-15 22:03:03
676,391,930,TKT20260407-83OID9AW,ISSUED,2024-07-15 22:12:03
677,392,4393,TKT20260407-5N3DDHS8,ISSUED,2025-06-01 03:21:36
678,393,3363,TKT20260407-SEJB62EL,ISSUED,2024-05-31 20:04:41
679,394,1554,TKT20260407-PEG87JWU,ISSUED,2024-11-14 17:05:34
680,395,5127,TKT20260407-ZQWOBWS9,ISSUED,2025-01-09 11:53:35
681,395,5174,TKT20260407-F66PBQNM,ISSUED,2025-01-09 11:58:35
682,395,5061,TKT20260407-R2O05003,ISSUED,2025-01-09 11:57:35
683,396,1987,TKT20260407-SJ9Z1PT5,ISSUED,2025-07-20 07:44:44
684,396,1968,TKT20260407-COTT898P,ISSUED,2025-07-20 07:56:44
685,396,2064,TKT20260407-2LO4P2L7,ISSUED,2025-07-20 07:51:44
686,396,2077,TKT20260407-DP46MN5F,ISSUED,2025-07-20 07:54:44
687,397,710,TKT20260407-1WIIOJ5Z,ISSUED,2024-12-05 22:15:36
688,398,2219,TKT20260407-5LW26IBI,ISSUED,2024-05-22 01:39:47
689,398,2222,TKT20260407-APE7YGNO,ISSUED,2024-05-22 01:41:47
690,398,2247,TKT20260407-Q686164V,ISSUED,2024-05-22 01:42:47
691,400,6657,TKT20260407-01QXYT68,ISSUED,2024-07-21 20:04:39
692,400,6588,TKT20260407-PKAL5ZSL,ISSUED,2024-07-21 20:01:39
